id,module,screen,label,type,file,line,safety,prior_bucket,newly_discovered,result,blocker,evidence,pass,role,route,physical_action
"A1-001","admin","AdminTenants","Back to Login","Button","src/pages/admin/AdminTenants.tsx","141","executable_or_ui","prior_admin_70","false","PASS","","FUNCTIONAL_E2E_AUDIT_2026-09-11.md Pass 2","2","anon","","unauth privileged URL"
"A1-002","admin","AdminTenants","Back","Button","src/pages/admin/AdminTenants.tsx","163","executable_or_ui","prior_admin_70","false","UNTESTED","","","","","",""
"A1-003","admin","AdminTenants","Home","Button","src/pages/admin/AdminTenants.tsx","166","executable_or_ui","prior_admin_70","false","UNTESTED","","","","","",""
"A1-004","admin","AdminTenants","Mortgage Ops","Button","src/pages/admin/AdminTenants.tsx","171","executable_or_ui","prior_admin_70","false","UNTESTED","","","","","",""
"A1-005","admin","AdminTenants","Financial Model","Button","src/pages/admin/AdminTenants.tsx","174","executable_or_ui","prior_admin_70","false","UNTESTED","","","","","",""
"A1-006","admin","AdminTenants","Refresh","Button","src/pages/admin/AdminTenants.tsx","177","executable_or_ui","prior_admin_70","false","PASS","","FUNCTIONAL_E2E_AUDIT_2026-09-11.md Pass 2","2","platform_owner","/admin/tenants","clicked tabs / refresh / new tenant cancelled / logout later"
"A1-007","admin","AdminTenants","New Tenant","Button","src/pages/admin/AdminTenants.tsx","182","executable_or_ui","prior_admin_70","false","PASS","","FUNCTIONAL_E2E_AUDIT_2026-09-11.md Pass 2","2","platform_owner","/admin/tenants","clicked tabs / refresh / new tenant cancelled / logout later"
"A1-008","admin","AdminTenants","Log Out","Button","src/pages/admin/AdminTenants.tsx","186","executable_or_ui","prior_admin_70","false","PASS","","FUNCTIONAL_E2E_AUDIT_2026-09-11.md Pass 2","2","platform_owner","/admin/tenants","clicked tabs / refresh / new tenant cancelled / logout later"
"A1-009","admin","AdminTenants","Tenants","Tab","src/pages/admin/AdminTenants.tsx","209","executable_or_ui","prior_admin_70","false","PASS","","FUNCTIONAL_E2E_AUDIT_2026-09-11.md Pass 2","2","platform_owner","/admin/tenants","clicked tabs / refresh / new tenant cancelled / logout later"
"A1-010","admin","AdminTenants","Platform Finance","Tab","src/pages/admin/AdminTenants.tsx","210","executable_or_ui","prior_admin_70","false","PASS","","FUNCTIONAL_E2E_AUDIT_2026-09-11.md Pass 2","2","platform_owner","/admin/tenants","clicked tabs / refresh / new tenant cancelled / logout later"
"A1-011","admin","AdminTenants","Referral Dashboard","Tab","src/pages/admin/AdminTenants.tsx","211","executable_or_ui","prior_admin_70","false","PASS","","FUNCTIONAL_E2E_AUDIT_2026-09-11.md Pass 2","2","platform_owner","/admin/tenants","clicked tabs / refresh / new tenant cancelled / logout later"
"A1-012","admin","AdminTenants","Announcements","Tab","src/pages/admin/AdminTenants.tsx","212","executable_or_ui","prior_admin_70","false","PASS","","FUNCTIONAL_E2E_AUDIT_2026-09-11.md Pass 2","2","platform_owner","/admin/tenants","clicked tabs / refresh / new tenant cancelled / logout later"
"A1-013","admin","AdminTenants","Banking","Tab","src/pages/admin/AdminTenants.tsx","231","executable_or_ui","prior_admin_70","false","PASS","","FUNCTIONAL_E2E_AUDIT_2026-09-11.md Pass 2","2","platform_owner","/admin/tenants","clicked tabs / refresh / new tenant cancelled / logout later"
"A1-014","admin","AdminTenants","Wallet & P&L","Tab","src/pages/admin/AdminTenants.tsx","232","executable_or_ui","prior_admin_70","false","PASS","","FUNCTIONAL_E2E_AUDIT_2026-09-11.md Pass 2","2","platform_owner","/admin/tenants","clicked tabs / refresh / new tenant cancelled / logout later"
"A1-015","admin","AdminTenants","Company Name","Input","src/pages/admin/AdminTenants.tsx","297","executable_or_ui","prior_admin_70","false","UNTESTED","","","","","",""
"A1-016","admin","AdminTenants","Slug (URL identifier)","Input","src/pages/admin/AdminTenants.tsx","301","executable_or_ui","prior_admin_70","false","UNTESTED","","","","","",""
"A1-017","admin","AdminTenants","Create Tenant","Button","src/pages/admin/AdminTenants.tsx","306","executable_or_ui","prior_admin_70","false","UNTESTED","","","","","",""
"A1-018","admin","AdminTenants","All Tenants","Button","src/pages/admin/AdminTenants.tsx","324","executable_or_ui","prior_admin_70","false","UNTESTED","","","","","",""
"A1-019","admin","AdminTenants","Company","Tab","src/pages/admin/AdminTenants.tsx","344","executable_or_ui","prior_admin_70","false","PASS","","FUNCTIONAL_E2E_AUDIT_2026-09-11.md Pass 2","2","platform_owner","/admin/tenants","Freedom manage tenant inner tabs viewed"
"A1-020","admin","AdminTenants","Branding & Email","Tab","src/pages/admin/AdminTenants.tsx","345","executable_or_ui","prior_admin_70","false","PASS","","FUNCTIONAL_E2E_AUDIT_2026-09-11.md Pass 2","2","platform_owner","/admin/tenants","Freedom manage tenant inner tabs viewed"
"A1-021","admin","AdminTenants","Compliance & Docs","Tab","src/pages/admin/AdminTenants.tsx","346","executable_or_ui","prior_admin_70","false","PASS","","FUNCTIONAL_E2E_AUDIT_2026-09-11.md Pass 2","2","platform_owner","/admin/tenants","Freedom manage tenant inner tabs viewed"
"A1-022","admin","AdminTenants","Integrations","Tab","src/pages/admin/AdminTenants.tsx","347","executable_or_ui","prior_admin_70","false","PASS","","FUNCTIONAL_E2E_AUDIT_2026-09-11.md Pass 2","2","platform_owner","/admin/tenants","Freedom manage tenant inner tabs viewed"
"A1-023","admin","AdminTenants","Billing & Usage","Tab","src/pages/admin/AdminTenants.tsx","349","executable_or_ui","prior_admin_70","false","PASS","","FUNCTIONAL_E2E_AUDIT_2026-09-11.md Pass 2","2","platform_owner","/admin/tenants","Freedom manage tenant inner tabs viewed"
"A1-024","admin","AdminTenants","OPS Badge","Tab","src/pages/admin/AdminTenants.tsx","350","executable_or_ui","prior_admin_70","false","UNTESTED","","","","","",""
"A1-025","admin","AdminTenants","Users","Tab","src/pages/admin/AdminTenants.tsx","351","executable_or_ui","prior_admin_70","false","PASS","","FUNCTIONAL_E2E_AUDIT_2026-09-11.md Pass 2","2","platform_owner","/admin/tenants","Freedom manage tenant inner tabs viewed"
"A1-026","admin","AdminTenants","Manage OPS Badge","Button","src/pages/admin/AdminTenants.tsx","380","executable_or_ui","prior_admin_70","false","UNTESTED","","","","","",""
"A1-027","admin","AdminTenants","Company Name","Input","src/pages/admin/AdminTenants.tsx","446","executable_or_ui","prior_admin_70","false","UNTESTED","","","","","",""
"A1-028","admin","AdminTenants","Slug","Input","src/pages/admin/AdminTenants.tsx","447","executable_or_ui","prior_admin_70","false","UNTESTED","","","","","",""
"A1-029","admin","AdminTenants","Custom Domain","Input","src/pages/admin/AdminTenants.tsx","451","executable_or_ui","prior_admin_70","false","UNTESTED","","","","","",""
"A1-030","admin","AdminTenants","Subscription Status","Select","src/pages/admin/AdminTenants.tsx","458","executable_or_ui","prior_admin_70","false","UNTESTED","","","","","",""
"A1-031","admin","AdminTenants","Max Checks / Month","Input(number)","src/pages/admin/AdminTenants.tsx","468","executable_or_ui","prior_admin_70","false","UNTESTED","","","","","",""
"A1-032","admin","AdminTenants","Test Account","Switch","src/pages/admin/AdminTenants.tsx","478","executable_or_ui","prior_admin_70","false","UNTESTED","","","","","",""
"A1-033","admin","AdminTenants","Partner Code","Input","src/pages/admin/AdminTenants.tsx","484","executable_or_ui","prior_admin_70","false","UNTESTED","","","","","",""
"A1-034","admin","AdminTenants","Partner Code","Button","src/pages/admin/AdminTenants.tsx","485","executable_or_ui","prior_admin_70","false","UNTESTED","","","","","",""
"A1-035","admin","AdminTenants","Save Changes","Button","src/pages/admin/AdminTenants.tsx","491","executable_or_ui","prior_admin_70","false","UNTESTED","","","","","",""
"A1-036","admin","AdminTenants","Logo","Input(file)","src/pages/admin/AdminTenants.tsx","543","executable_or_ui","prior_admin_70","false","UNTESTED","","","","","",""
"A1-037","admin","AdminTenants","Replace","Button","src/pages/admin/AdminTenants.tsx","557","executable_or_ui","prior_admin_70","false","UNTESTED","","","","","",""
"A1-038","admin","AdminTenants","(icon/unlabeled Button)","Button","src/pages/admin/AdminTenants.tsx","560","executable_or_ui","prior_admin_70","false","UNTESTED","","","","","",""
"A1-039","admin","AdminTenants","(icon/unlabeled Button)","Button","src/pages/admin/AdminTenants.tsx","566","executable_or_ui","prior_admin_70","false","UNTESTED","","","","","",""
"A1-040","admin","AdminTenants","...or paste a URL","Input","src/pages/admin/AdminTenants.tsx","582","executable_or_ui","prior_admin_70","false","UNTESTED","","","","","",""
"A1-041","admin","AdminTenants","Primary Color","Input(color)","src/pages/admin/AdminTenants.tsx","588","executable_or_ui","prior_admin_70","false","UNTESTED","","","","","",""
"A1-042","admin","AdminTenants","Primary Color","Input","src/pages/admin/AdminTenants.tsx","589","executable_or_ui","prior_admin_70","false","UNTESTED","","","","","",""
"A1-043","admin","AdminTenants","Secondary Color","Input(color)","src/pages/admin/AdminTenants.tsx","595","executable_or_ui","prior_admin_70","false","UNTESTED","","","","","",""
"A1-044","admin","AdminTenants","Secondary Color","Input","src/pages/admin/AdminTenants.tsx","596","executable_or_ui","prior_admin_70","false","UNTESTED","","","","","",""
"A1-045","admin","AdminTenants","Save Branding","Button","src/pages/admin/AdminTenants.tsx","600","executable_or_ui","prior_admin_70","false","UNTESTED","","","","","",""
"A1-046","admin","AdminTenants","Full name (optional)","Input","src/pages/admin/AdminTenants.tsx","706","executable_or_ui","prior_admin_70","false","UNTESTED","","","","","",""
"A1-047","admin","AdminTenants","user@example.com","Input","src/pages/admin/AdminTenants.tsx","709","executable_or_ui","prior_admin_70","false","UNTESTED","","","","","",""
"A1-048","admin","AdminTenants","(Select)","Select","src/pages/admin/AdminTenants.tsx","711","executable_or_ui","prior_admin_70","false","UNTESTED","","","","","",""
"A1-049","admin","AdminTenants","Invite","Button","src/pages/admin/AdminTenants.tsx","714","executable_or_ui","prior_admin_70","false","UNTESTED","","","","","",""
"A1-050","admin","AdminTenants","(Select)","Select","src/pages/admin/AdminTenants.tsx","739","executable_or_ui","prior_admin_70","false","UNTESTED","","","","","",""
"A1-051","admin","AdminTenants","Resend reset email","Button","src/pages/admin/AdminTenants.tsx","743","email_blocked","prior_admin_70","false","UNTESTED","","","","","",""
"A1-052","admin","AdminTenants","(icon/unlabeled Button)","Button","src/pages/admin/AdminTenants.tsx","747","executable_or_ui","prior_admin_70","false","UNTESTED","","","","","",""
"A1-053","admin","AdminTenants","Enable Per-Check Billing","Switch","src/pages/admin/AdminTenants.tsx","778","executable_or_ui","prior_admin_70","false","UNTESTED","","","","","",""
"A1-054","admin","AdminTenants","Standard Check Rate (cents)","Input(number)","src/pages/admin/AdminTenants.tsx","784","executable_or_ui","prior_admin_70","false","UNTESTED","","","","","",""
"A1-055","admin","AdminTenants","Next Day Credit","Input","src/pages/admin/AdminTenants.tsx","805","executable_or_ui","prior_admin_70","false","UNTESTED","","","","","",""
"A1-056","admin","AdminTenants","Same Day Credit","Input","src/pages/admin/AdminTenants.tsx","809","provider_blocked","prior_admin_70","false","UNTESTED","","","","","",""
"A1-057","admin","AdminTenants","Save Billing Settings","Button","src/pages/admin/AdminTenants.tsx","815","executable_or_ui","prior_admin_70","false","UNTESTED","","","","","",""
"A1-058","admin","AdminTenants","Pull maintenance fee now","Button","src/pages/admin/AdminTenants.tsx","935","executable_or_ui","prior_admin_70","false","UNTESTED","","","","","",""
"A1-059","admin","AdminTenants","Link for billing","Button","src/pages/admin/AdminTenants.tsx","965","executable_or_ui","prior_admin_70","false","UNTESTED","","","","","",""
"A1-060","admin","AdminTenants","(Select)","Select","src/pages/admin/AdminTenants.tsx","1144","executable_or_ui","prior_admin_70","false","UNTESTED","","","","","",""
"A1-061","admin","AdminTenants","(Select)","Select","src/pages/admin/AdminTenants.tsx","1152","executable_or_ui","prior_admin_70","false","UNTESTED","","","","","",""
"A1-062","admin","AdminTenants","(Select)","Select","src/pages/admin/AdminTenants.tsx","1159","executable_or_ui","prior_admin_70","false","UNTESTED","","","","","",""
"A1-063","admin","AdminTenants","(icon/unlabeled Button)","Button","src/pages/admin/AdminTenants.tsx","1164","executable_or_ui","prior_admin_70","false","UNTESTED","","","","","",""
"A1-064","admin","AdminTenants","Pull & email invoice","Button","src/pages/admin/AdminTenants.tsx","1209","email_blocked","prior_admin_70","false","UNTESTED","","","","","",""
"A1-065","admin","AdminTenants","(icon/unlabeled Button)","Button","src/pages/admin/AdminTenants.tsx","1419","executable_or_ui","prior_admin_70","false","UNTESTED","","","","","",""
"A1-066","admin","AdminTenants","(unlabeled switch)","Switch","src/pages/admin/AdminTenants.tsx","1466","executable_or_ui","prior_admin_70","false","UNTESTED","","","","","",""
"A1-067","admin","AdminTenants","(unlabeled switch)","Switch","src/pages/admin/AdminTenants.tsx","1480","executable_or_ui","prior_admin_70","false","UNTESTED","","","","","",""
"A1-068","admin","AdminTenants","(unlabeled switch)","Switch","src/pages/admin/AdminTenants.tsx","1494","executable_or_ui","prior_admin_70","false","UNTESTED","","","","","",""
"A1-069","admin","AdminTenants","(Select)","Select","src/pages/admin/AdminTenants.tsx","1554","executable_or_ui","prior_admin_70","false","UNTESTED","","","","","",""
"A1-070","admin","AdminTenants","Actions","Button","src/pages/admin/AdminTenants.tsx","1576","executable_or_ui","prior_admin_70","false","UNTESTED","","","","","",""
"A1-071","admin","AdminTenants","Preview portal","MenuItem","src/pages/admin/AdminTenants.tsx","1581","executable_or_ui","prior_admin_70","false","PASS","","FUNCTIONAL_E2E_AUDIT_2026-09-11.md Pass 2","2","platform_owner","/admin/tenants","Freedom manage tenant inner tabs viewed"
"A1-072","admin","AdminTenants","Notes","MenuItem","src/pages/admin/AdminTenants.tsx","1596","executable_or_ui","prior_admin_70","false","PASS","","FUNCTIONAL_E2E_AUDIT_2026-09-11.md Pass 2","2","platform_owner","/admin/tenants","Freedom manage tenant inner tabs viewed"
"A1-073","admin","AdminTenants","OPS Badge","MenuItem","src/pages/admin/AdminTenants.tsx","1599","executable_or_ui","prior_admin_70","false","PASS","","FUNCTIONAL_E2E_AUDIT_2026-09-11.md Pass 2","2","platform_owner","/admin/tenants","Freedom manage tenant inner tabs viewed"
"A1-074","admin","AdminTenants","Manage tenant","MenuItem","src/pages/admin/AdminTenants.tsx","1602","executable_or_ui","prior_admin_70","false","PASS","","FUNCTIONAL_E2E_AUDIT_2026-09-11.md Pass 2","2","platform_owner","/admin/tenants","Freedom manage tenant inner tabs viewed"
"A1-075","admin","AdminTenants","{valueCents == null ? ""Set rate"" : `$$ `}","Button","src/pages/admin/AdminTenants.tsx","1686","executable_or_ui","prior_admin_70","false","UNTESTED","","","","","",""
"A1-076","admin","AdminTenants","(unlabeled input)","Input(number)","src/pages/admin/AdminTenants.tsx","1697","executable_or_ui","prior_admin_70","false","UNTESTED","","","","","",""
"A1-077","admin","AdminTenants","Internal Notes","Textarea","src/pages/admin/AdminTenants.tsx","1758","executable_or_ui","prior_admin_70","false","UNTESTED","","","","","",""
"A1-078","admin","AdminTenants","KYC Notes","Textarea","src/pages/admin/AdminTenants.tsx","1767","provider_blocked","prior_admin_70","false","UNTESTED","","","","","",""
"A1-079","admin","AdminTenants","Cancel","Button","src/pages/admin/AdminTenants.tsx","1776","executable_or_ui","prior_admin_70","false","UNTESTED","","","","","",""
"A1-080","admin","AdminTenants","Save Notes","Button","src/pages/admin/AdminTenants.tsx","1777","executable_or_ui","prior_admin_70","false","UNTESTED","","","","","",""
"A1-081","admin","PlatformBankPanel","(icon/unlabeled Button)","Button","src/components/admin/PlatformBankPanel.tsx","188","executable_or_ui","prior_admin_70","false","UNTESTED","","","","","",""
"A1-082","admin","PlatformBankPanel","(icon/unlabeled Button)","Button","src/components/admin/PlatformBankPanel.tsx","204","executable_or_ui","prior_admin_70","false","UNTESTED","","","","","",""
"A1-083","admin","PlatformBankPanel","Add bank","Button","src/components/admin/PlatformBankPanel.tsx","264","executable_or_ui","prior_admin_70","false","PASS","","FUNCTIONAL_E2E_AUDIT_2026-09-11.md Pass 2","2","platform_owner","","Banking/Wallet panels loaded authorized"
"A1-084","admin","PlatformBankPanel","Enter code / Verify","Button","src/components/admin/PlatformBankPanel.tsx","299","executable_or_ui","prior_admin_70","false","UNTESTED","","","","","",""
"A1-085","admin","PlatformBankPanel","4-digit code from the $0.01 deposit (MV####)","Input","src/components/admin/PlatformBankPanel.tsx","320","executable_or_ui","prior_admin_70","false","UNTESTED","","","","","",""
"A1-086","admin","PlatformBankPanel","Confirm","Button","src/components/admin/PlatformBankPanel.tsx","329","executable_or_ui","prior_admin_70","false","UNTESTED","","","","","",""
"A1-087","admin","PlatformBankPanel","Resend deposit","Button","src/components/admin/PlatformBankPanel.tsx","337","executable_or_ui","prior_admin_70","false","UNTESTED","","","","","",""
"A1-088","admin","PlatformBankPanel","Cancel","Button","src/components/admin/PlatformBankPanel.tsx","345","executable_or_ui","prior_admin_70","false","UNTESTED","","","","","",""
"A1-089","admin","PlatformBankPanel","Account holder name","Input","src/components/admin/PlatformBankPanel.tsx","441","executable_or_ui","prior_admin_70","false","UNTESTED","","","","","",""
"A1-090","admin","PlatformBankPanel","Holder type","Select","src/components/admin/PlatformBankPanel.tsx","453","executable_or_ui","prior_admin_70","false","UNTESTED","","","","","",""
"A1-091","admin","PlatformBankPanel","Account type","Select","src/components/admin/PlatformBankPanel.tsx","464","executable_or_ui","prior_admin_70","false","UNTESTED","","","","","",""
"A1-092","admin","PlatformBankPanel","Routing number","Input","src/components/admin/PlatformBankPanel.tsx","474","executable_or_ui","prior_admin_70","false","UNTESTED","","","","","",""
"A1-093","admin","PlatformBankPanel","Account number","Input","src/components/admin/PlatformBankPanel.tsx","486","executable_or_ui","prior_admin_70","false","UNTESTED","","","","","",""
"A1-094","admin","PlatformBankPanel","Cancel","Button","src/components/admin/PlatformBankPanel.tsx","498","executable_or_ui","prior_admin_70","false","UNTESTED","","","","","",""
"A1-095","admin","PlatformBankPanel","Connect bank","Button","src/components/admin/PlatformBankPanel.tsx","501","provider_blocked","prior_admin_70","false","UNTESTED","","","","","",""
"A1-096","admin","AdminStakeholderLimitRequests","Pending","Tab","src/components/admin/AdminStakeholderLimitRequests.tsx","116","executable_or_ui","prior_admin_70","false","UNTESTED","","","","","",""
"A1-097","admin","AdminStakeholderLimitRequests","Reviewed","Tab","src/components/admin/AdminStakeholderLimitRequests.tsx","117","executable_or_ui","prior_admin_70","false","UNTESTED","","","","","",""
"A1-098","admin","AdminStakeholderLimitRequests","Approve","Button","src/components/admin/AdminStakeholderLimitRequests.tsx","151","executable_or_ui","prior_admin_70","false","UNTESTED","","","","","",""
"A1-099","admin","AdminStakeholderLimitRequests","Deny","Button","src/components/admin/AdminStakeholderLimitRequests.tsx","154","executable_or_ui","prior_admin_70","false","UNTESTED","","","","","",""
"A1-100","admin","AdminStakeholderLimitRequests","(unlabeled input)","Input(number)","src/components/admin/AdminStakeholderLimitRequests.tsx","198","executable_or_ui","prior_admin_70","false","UNTESTED","","","","","",""
"A1-101","admin","AdminStakeholderLimitRequests","(unlabeled textarea)","Textarea","src/components/admin/AdminStakeholderLimitRequests.tsx","204","executable_or_ui","prior_admin_70","false","UNTESTED","","","","","",""
"A1-102","admin","AdminStakeholderLimitRequests","Cancel","Button","src/components/admin/AdminStakeholderLimitRequests.tsx","209","executable_or_ui","prior_admin_70","false","UNTESTED","","","","","",""
"A1-103","admin","AdminStakeholderLimitRequests","Confirm","Button","src/components/admin/AdminStakeholderLimitRequests.tsx","210","executable_or_ui","prior_admin_70","false","UNTESTED","","","","","",""
"A1-104","admin","PlatformTreasuryPanel","Refresh","Button","src/components/admin/PlatformTreasuryPanel.tsx","120","executable_or_ui","prior_admin_70","false","PASS","","FUNCTIONAL_E2E_AUDIT_2026-09-11.md Pass 2","2","platform_owner","","Banking/Wallet panels loaded authorized"
"A1-105","admin","PlatformAnnouncementsManager","Title","Input","src/components/admin/PlatformAnnouncementsManager.tsx","97","executable_or_ui","prior_admin_70","false","UNTESTED","","","","","",""
"A1-106","admin","PlatformAnnouncementsManager","Message","Textarea","src/components/admin/PlatformAnnouncementsManager.tsx","101","executable_or_ui","prior_admin_70","false","UNTESTED","","","","","",""
"A1-107","admin","PlatformAnnouncementsManager","Severity","Select","src/components/admin/PlatformAnnouncementsManager.tsx","106","executable_or_ui","prior_admin_70","false","UNTESTED","","","","","",""
"A1-108","admin","PlatformAnnouncementsManager","Banner auto-hides at (optional)","Input(datetime-local)","src/components/admin/PlatformAnnouncementsManager.tsx","116","executable_or_ui","prior_admin_70","false","UNTESTED","","","","","",""
"A1-109","admin","PlatformAnnouncementsManager","Maintenance window start","Input(datetime-local)","src/components/admin/PlatformAnnouncementsManager.tsx","120","executable_or_ui","prior_admin_70","false","UNTESTED","","","","","",""
"A1-110","admin","PlatformAnnouncementsManager","Maintenance window end","Input(datetime-local)","src/components/admin/PlatformAnnouncementsManager.tsx","124","executable_or_ui","prior_admin_70","false","UNTESTED","","","","","",""
"A1-111","admin","PlatformAnnouncementsManager","Refresh instructions","Textarea","src/components/admin/PlatformAnnouncementsManager.tsx","128","executable_or_ui","prior_admin_70","false","UNTESTED","","","","","",""
"A1-112","admin","PlatformAnnouncementsManager","Publish announcement","Button","src/components/admin/PlatformAnnouncementsManager.tsx","132","executable_or_ui","prior_admin_70","false","UNTESTED","","","","","",""
"A1-113","admin","PlatformAnnouncementsManager","(unlabeled switch)","Switch","src/components/admin/PlatformAnnouncementsManager.tsx","169","executable_or_ui","prior_admin_70","false","UNTESTED","","","","","",""
"A1-114","admin","PlatformAnnouncementsManager","(icon/unlabeled Button)","Button","src/components/admin/PlatformAnnouncementsManager.tsx","170","executable_or_ui","prior_admin_70","false","UNTESTED","","","","","",""
"A1-115","admin","AdminReferralDashboard","Export CSV","Button","src/components/settings/AdminReferralDashboard.tsx","108","executable_or_ui","prior_admin_70","false","PASS","","FUNCTIONAL_E2E_AUDIT_2026-09-11.md Pass 2","2","platform_owner","","Export CSV"
"A1-116","admin","AdminReferralDashboard","Search by company or code...","Input","src/components/settings/AdminReferralDashboard.tsx","170","executable_or_ui","prior_admin_70","false","UNTESTED","","","","","",""
"A2-001","admin","AdminFinancialModel","Back to Login","Button","src/pages/admin/AdminFinancialModel.tsx","54","executable_or_ui","prior_admin_70","false","PASS","","FUNCTIONAL_E2E_AUDIT_2026-09-11.md Pass 2","2","anon","","unauth privileged URL"
"A2-002","admin","AdminFinancialModel","Back","Button","src/pages/admin/AdminFinancialModel.tsx","65","executable_or_ui","prior_admin_70","false","PASS","","FUNCTIONAL_E2E_AUDIT_2026-09-11.md Pass 2","2","platform_owner","/admin/financial-model","clicked in Pass 2"
"A2-003","admin","AdminFinancialModel","Home","Button","src/pages/admin/AdminFinancialModel.tsx","68","executable_or_ui","prior_admin_70","false","PASS","","FUNCTIONAL_E2E_AUDIT_2026-09-11.md Pass 2","2","platform_owner","/admin/financial-model","clicked in Pass 2"
"A2-004","admin","AdminFinancialModel","Tenants","Button","src/pages/admin/AdminFinancialModel.tsx","71","executable_or_ui","prior_admin_70","false","PASS","","FUNCTIONAL_E2E_AUDIT_2026-09-11.md Pass 2","2","platform_owner","/admin/financial-model","clicked in Pass 2"
"A2-005","admin","AdminFinancialModel","Presentation mode","Switch","src/pages/admin/AdminFinancialModel.tsx","83","executable_or_ui","prior_admin_70","false","UNTESTED","","","","","",""
"A2-006","admin","AdminFinancialModel","Print","Button","src/pages/admin/AdminFinancialModel.tsx","86","executable_or_ui","prior_admin_70","false","PASS","","FUNCTIONAL_E2E_AUDIT_2026-09-11.md Pass 2","2","platform_owner","/admin/financial-model","clicked in Pass 2"
"A2-007","admin","AdminFinancialModel","P&L Model","Tab","src/pages/admin/AdminFinancialModel.tsx","95","executable_or_ui","prior_admin_70","false","PASS","","FUNCTIONAL_E2E_AUDIT_2026-09-11.md Pass 2","2","platform_owner","/admin/financial-model","clicked in Pass 2"
"A2-008","admin","AdminFinancialModel","Client Savings","Tab","src/pages/admin/AdminFinancialModel.tsx","98","executable_or_ui","prior_admin_70","false","PASS","","FUNCTIONAL_E2E_AUDIT_2026-09-11.md Pass 2","2","platform_owner","/admin/financial-model","clicked in Pass 2"
"A2-009","admin","PnlModel","(icon/unlabeled Button)","Button","src/components/financial/PnlModel.tsx","160","executable_or_ui","prior_admin_70","false","UNTESTED","","","","","",""
"A2-010","admin","PnlModel","Reset","Button","src/components/financial/PnlModel.tsx","171","executable_or_ui","prior_admin_70","false","PASS","","FUNCTIONAL_E2E_AUDIT_2026-09-11.md Pass 2","2","platform_owner","/admin/financial-model","clicked in Pass 2"
"A2-011","admin","PnlModel","Export CSV","Button","src/components/financial/PnlModel.tsx","174","executable_or_ui","prior_admin_70","false","PASS","","FUNCTIONAL_E2E_AUDIT_2026-09-11.md Pass 2","2","platform_owner","/admin/financial-model","clicked in Pass 2"
"A2-012","admin","PnlModel","Net new tenants per month","Slider","src/components/financial/PnlModel.tsx","503","executable_or_ui","prior_admin_70","false","UNTESTED","","","","","",""
"A2-013","admin","SavingsCalculator","Reset","Button","src/components/financial/SavingsCalculator.tsx","222","executable_or_ui","prior_admin_70","false","PASS","","FUNCTIONAL_E2E_AUDIT_2026-09-11.md Pass 2","2","platform_owner","/admin/financial-model","clicked in Pass 2"
"A2-014","admin","SavingsCalculator","Export CSV","Button","src/components/financial/SavingsCalculator.tsx","225","executable_or_ui","prior_admin_70","false","UNTESTED","","","","","",""
"A2-015","admin","SavingsCalculator","Uses mortgage / loss-draft services","Switch","src/components/financial/SavingsCalculator.tsx","281","executable_or_ui","prior_admin_70","false","UNTESTED","","","","","",""
"A2-016","admin","SavingsCalculator","Annual term — % off subscription","Switch","src/components/financial/SavingsCalculator.tsx","385","executable_or_ui","prior_admin_70","false","UNTESTED","","","","","",""
"A2-017","admin","NumberField","{hint && ( )}","Input(number)","src/components/financial/NumberField.tsx","38","executable_or_ui","prior_admin_70","false","UNTESTED","","","","","",""
"A2-018","admin","PricingOptimizer","Reset scenarios","Button","src/components/financial/PricingOptimizer.tsx","181","executable_or_ui","prior_admin_70","false","UNTESTED","","","","","",""
"A2-019","admin","PricingOptimizer","Export optimization CSV","Button","src/components/financial/PricingOptimizer.tsx","184","executable_or_ui","prior_admin_70","false","UNTESTED","","","","","",""
"A2-020","admin","PricingOptimizer","Scenario name","Input","src/components/financial/PricingOptimizer.tsx","196","executable_or_ui","prior_admin_70","false","UNTESTED","","","","","",""
"A3-001","admin","AdminMortgageOps","Back","Button","src/pages/admin/AdminMortgageOps.tsx","190","executable_or_ui","prior_admin_70","false","PASS","","FUNCTIONAL_E2E_AUDIT_2026-09-11.md Pass 2","2","anon","","unauth privileged URL"
"A3-002","admin","AdminMortgageOps","Home","Button","src/pages/admin/AdminMortgageOps.tsx","193","executable_or_ui","prior_admin_70","false","PASS","","FUNCTIONAL_E2E_AUDIT_2026-09-11.md Pass 2","2","platform_owner","/admin/mortgage-ops","personnel viewed; Hire not clicked"
"A3-003","admin","AdminMortgageOps","Refresh","Button","src/pages/admin/AdminMortgageOps.tsx","204","executable_or_ui","prior_admin_70","false","PASS","","FUNCTIONAL_E2E_AUDIT_2026-09-11.md Pass 2","2","platform_owner","/admin/mortgage-ops","personnel viewed; Hire not clicked"
"A3-004","admin","AdminMortgageOps","Hire Agent","Button","src/pages/admin/AdminMortgageOps.tsx","209","email_blocked","prior_admin_70","false","UNTESTED","","","","","",""
"A3-005","admin","AdminMortgageOps","Manage","Button","src/pages/admin/AdminMortgageOps.tsx","272","executable_or_ui","prior_admin_70","false","UNTESTED","","","","","",""
"A3-006","admin","AdminMortgageOps","Send password reset email","Button","src/pages/admin/AdminMortgageOps.tsx","273","executable_or_ui","prior_admin_70","false","UNTESTED","","","","","",""
"A3-007","admin","AdminMortgageOps","(icon: Trash2 remove agent)","Button","src/pages/admin/AdminMortgageOps.tsx","281","executable_or_ui","prior_admin_70","false","UNTESTED","","","","","",""
"A3-008","admin","AdminMortgageOps","Unassign","Button","src/pages/admin/AdminMortgageOps.tsx","333","executable_or_ui","prior_admin_70","false","UNTESTED","","","","","",""
"A3-009","admin","AdminMortgageOps","Revoke Access","Button","src/pages/admin/AdminMortgageOps.tsx","345","executable_or_ui","prior_admin_70","false","UNTESTED","","","","","",""
"A3-010","admin","AdminMortgageOps","Close","Button","src/pages/admin/AdminMortgageOps.tsx","348","executable_or_ui","prior_admin_70","false","UNTESTED","","","","","",""
"A3-011","admin","AdminMortgageOps","Copy credentials","Button","src/pages/admin/AdminMortgageOps.tsx","422","executable_or_ui","prior_admin_70","false","UNTESTED","","","","","",""
"A3-012","admin","AdminMortgageOps","Done","Button","src/pages/admin/AdminMortgageOps.tsx","432","executable_or_ui","prior_admin_70","false","UNTESTED","","","","","",""
"A3-013","admin","AdminMortgageOps","Full name","Input","src/pages/admin/AdminMortgageOps.tsx","440","executable_or_ui","prior_admin_70","false","UNTESTED","","","","","",""
"A3-014","admin","AdminMortgageOps","Email","Input(email)","src/pages/admin/AdminMortgageOps.tsx","450","executable_or_ui","prior_admin_70","false","UNTESTED","","","","","",""
"A3-015","admin","AdminMortgageOps","Temporary password (optional)","Input(text)","src/pages/admin/AdminMortgageOps.tsx","460","executable_or_ui","prior_admin_70","false","UNTESTED","","","","","",""
"A3-016","admin","AdminMortgageOps","Hire Agent","Button","src/pages/admin/AdminMortgageOps.tsx","473","email_blocked","prior_admin_70","false","UNTESTED","","","","","",""
"A4-001","settings","AuditLogSettings","Refresh","Button","src/components/settings/AuditLogSettings.tsx","155","executable_or_ui","prior_settings_79","false","UNTESTED","","","","","",""
"A4-002","settings","AuditLogSettings","Export CSV","Button","src/components/settings/AuditLogSettings.tsx","164","executable_or_ui","prior_settings_79","false","UNTESTED","","","","","",""
"A4-003","settings","AuditLogSettings","Search logs...","Input","src/components/settings/AuditLogSettings.tsx","180","executable_or_ui","prior_settings_79","false","UNTESTED","","","","","",""
"A4-004","settings","AuditLogSettings","(Select)","Select","src/components/settings/AuditLogSettings.tsx","188","executable_or_ui","prior_settings_79","false","UNTESTED","","","","","",""
"A4-005","settings","AuditLogSettings","(Select)","Select","src/components/settings/AuditLogSettings.tsx","200","executable_or_ui","prior_settings_79","false","UNTESTED","","","","","",""
"A4-006","settings","ChangePasswordCard","Forgot password","Link","src/components/settings/ChangePasswordCard.tsx","29","executable_or_ui","prior_settings_79","false","UNTESTED","","","","","",""
"A4-007","settings","ChangePasswordCard","Current Password","Input","src/components/settings/ChangePasswordCard.tsx","87","executable_or_ui","prior_settings_79","false","UNTESTED","","","","","",""
"A4-008","settings","ChangePasswordCard","Current Password","Button","src/components/settings/ChangePasswordCard.tsx","95","executable_or_ui","prior_settings_79","false","UNTESTED","","","","","",""
"A4-009","settings","ChangePasswordCard","New Password","Input","src/components/settings/ChangePasswordCard.tsx","112","executable_or_ui","prior_settings_79","false","UNTESTED","","","","","",""
"A4-010","settings","ChangePasswordCard","New Password","Button","src/components/settings/ChangePasswordCard.tsx","120","executable_or_ui","prior_settings_79","false","UNTESTED","","","","","",""
"A4-011","settings","ChangePasswordCard","Confirm New Password","Input","src/components/settings/ChangePasswordCard.tsx","134","executable_or_ui","prior_settings_79","false","UNTESTED","","","","","",""
"A4-012","settings","ChangePasswordCard","Updating... / Update Password","Button","src/components/settings/ChangePasswordCard.tsx","150","executable_or_ui","prior_settings_79","false","UNTESTED","","","","","",""
"A4-013","settings","CheckAltSettings","Base URL","Input","src/components/settings/CheckAltSettings.tsx","328","provider_blocked","prior_settings_79","false","UNTESTED","","","","","",""
"A4-014","settings","CheckAltSettings","Merchant","Input","src/components/settings/CheckAltSettings.tsx","340","provider_blocked","prior_settings_79","false","UNTESTED","","","","","",""
"A4-015","settings","CheckAltSettings","FI Key","Input","src/components/settings/CheckAltSettings.tsx","352","provider_blocked","prior_settings_79","false","UNTESTED","","","","","",""
"A4-016","settings","CheckAltSettings","Business Unit","Input","src/components/settings/CheckAltSettings.tsx","364","provider_blocked","prior_settings_79","false","UNTESTED","","","","","",""
"A4-017","settings","CheckAltSettings","Deposit Account Number","Input","src/components/settings/CheckAltSettings.tsx","373","provider_blocked","prior_settings_79","false","UNTESTED","","","","","",""
"A4-018","settings","CheckAltSettings","Deposit Account Number","Switch","src/components/settings/CheckAltSettings.tsx","386","provider_blocked","prior_settings_79","false","UNTESTED","","","","","",""
"A4-019","settings","CheckAltSettings","Enable CheckAlt deposits","Switch","src/components/settings/CheckAltSettings.tsx","404","provider_blocked","prior_settings_79","false","UNTESTED","","","","","",""
"A4-020","settings","CheckAltSettings","Auto-approve ceiling (USD, optional)","Input(number)","src/components/settings/CheckAltSettings.tsx","426","provider_blocked","prior_settings_79","false","UNTESTED","","","","","",""
"A4-021","settings","CheckAltSettings","Internal notes","Textarea","src/components/settings/CheckAltSettings.tsx","447","provider_blocked","prior_settings_79","false","UNTESTED","","","","","",""
"A4-022","settings","CheckAltSettings","Test connection","Button","src/components/settings/CheckAltSettings.tsx","457","provider_blocked","prior_settings_79","false","UNTESTED","","","","","",""
"A4-023","settings","CheckAltSettings","Reconcile pending deposits","Button","src/components/settings/CheckAltSettings.tsx","468","provider_blocked","prior_settings_79","false","UNTESTED","","","","","",""
"A4-024","settings","CheckAltSettings","Save settings","Button","src/components/settings/CheckAltSettings.tsx","478","provider_blocked","prior_settings_79","false","UNTESTED","","","","","",""
"A4-025","settings","CheckAltSettings","User ID (ssoKey)","Input","src/components/settings/CheckAltSettings.tsx","519","provider_blocked","prior_settings_79","false","UNTESTED","","","","","",""
"A4-026","settings","CheckAltSettings","Email address","Input(email)","src/components/settings/CheckAltSettings.tsx","531","provider_blocked","prior_settings_79","false","UNTESTED","","","","","",""
"A4-027","settings","CheckAltSettings","First name","Input","src/components/settings/CheckAltSettings.tsx","541","provider_blocked","prior_settings_79","false","UNTESTED","","","","","",""
"A4-028","settings","CheckAltSettings","Last name","Input","src/components/settings/CheckAltSettings.tsx","549","provider_blocked","prior_settings_79","false","UNTESTED","","","","","",""
"A4-029","settings","CheckAltSettings","Deposit account number","Input","src/components/settings/CheckAltSettings.tsx","557","provider_blocked","prior_settings_79","false","UNTESTED","","","","","",""
"A4-030","settings","CheckAltSettings","Verify user","Button","src/components/settings/CheckAltSettings.tsx","590","provider_blocked","prior_settings_79","false","UNTESTED","","","","","",""
"A4-031","settings","CheckAltSettings","Re-register account / Register account","Button","src/components/settings/CheckAltSettings.tsx","600","provider_blocked","prior_settings_79","false","UNTESTED","","","","","",""
"A4-032","settings","CheckAltSettings","Poll Now","Button","src/components/settings/CheckAltSettings.tsx","801","provider_blocked","prior_settings_79","false","UNTESTED","","","","","",""
"A4-033","settings","CheckAltSettings","Refresh","Button","src/components/settings/CheckAltSettings.tsx","807","provider_blocked","prior_settings_79","false","UNTESTED","","","","","",""
"A4-034","settings","CheckAltSettings","Poll Now","Button","src/components/settings/CheckAltSettings.tsx","818","provider_blocked","prior_settings_79","false","UNTESTED","","","","","",""
"A4-035","settings","CheckAltSettings","Reject","Button","src/components/settings/CheckAltSettings.tsx","863","provider_blocked","prior_settings_79","false","UNTESTED","","","","","",""
"A4-036","settings","CheckAltSettings","Approve","Button","src/components/settings/CheckAltSettings.tsx","871","provider_blocked","prior_settings_79","false","UNTESTED","","","","","",""
"A4-037","settings","CheckAltSettings","Reject reason (optional)","Input","src/components/settings/CheckAltSettings.tsx","894","provider_blocked","prior_settings_79","false","UNTESTED","","","","","",""
"A4-038","settings","CheckAltSettings","Cancel","Button","src/components/settings/CheckAltSettings.tsx","901","provider_blocked","prior_settings_79","false","UNTESTED","","","","","",""
"A4-039","settings","CheckAltSettings","Confirm reject","Button","src/components/settings/CheckAltSettings.tsx","912","provider_blocked","prior_settings_79","false","UNTESTED","","","","","",""
"A4-040","settings","CheckAltSettings","Start date","Input(date)","src/components/settings/CheckAltSettings.tsx","1043","provider_blocked","prior_settings_79","false","UNTESTED","","","","","",""
"A4-041","settings","CheckAltSettings","End date","Input(date)","src/components/settings/CheckAltSettings.tsx","1052","provider_blocked","prior_settings_79","false","UNTESTED","","","","","",""
"A4-042","settings","CheckAltSettings","Refresh","Button","src/components/settings/CheckAltSettings.tsx","1059","provider_blocked","prior_settings_79","false","UNTESTED","","","","","",""
"A4-043","settings","CompanyBrandingSettings","Company Name","Input","src/components/settings/CompanyBrandingSettings.tsx","242","executable_or_ui","prior_settings_79","false","FAIL","","/opt/cursor/artifacts/pass3_c1c_branding_freedom_name.webp","3","c1c_admin","/c1c/settings","opened Branding & Email; compared UI vs company_branding table and tenants.name"
"A4-044","settings","CompanyBrandingSettings","Address","Textarea","src/components/settings/CompanyBrandingSettings.tsx","251","executable_or_ui","prior_settings_79","false","FAIL","","","3","c1c_admin","/c1c/settings","observed Address/Phone/Email branding fields"
"A4-045","settings","CompanyBrandingSettings","Phone","Input","src/components/settings/CompanyBrandingSettings.tsx","262","executable_or_ui","prior_settings_79","false","FAIL","","","3","c1c_admin","/c1c/settings","observed Address/Phone/Email branding fields"
"A4-046","settings","CompanyBrandingSettings","Email","Input","src/components/settings/CompanyBrandingSettings.tsx","270","executable_or_ui","prior_settings_79","false","FAIL","","","3","c1c_admin","/c1c/settings","observed Address/Phone/Email branding fields"
"A4-047","settings","CompanyBrandingSettings","Uploading... / Click to upload square or horizontal logo","Input(file)","src/components/settings/CompanyBrandingSettings.tsx","311","executable_or_ui","prior_settings_79","false","PASS","","","3","c1c_admin","/c1c/settings","viewed logo/letterhead uploads, invoice footer/terms/accent/theme; no upload no save"
"A4-048","settings","CompanyBrandingSettings","Uploading... / Click to upload wide letterhead image","Input(file)","src/components/settings/CompanyBrandingSettings.tsx","346","executable_or_ui","prior_settings_79","false","PASS","","","3","c1c_admin","/c1c/settings","viewed logo/letterhead uploads, invoice footer/terms/accent/theme; no upload no save"
"A4-049","settings","CompanyBrandingSettings","(unlabeled input)","Input(file)","src/components/settings/CompanyBrandingSettings.tsx","384","executable_or_ui","prior_settings_79","false","PASS","","","3","c1c_admin","/c1c/settings","viewed logo/letterhead uploads, invoice footer/terms/accent/theme; no upload no save"
"A4-050","settings","CompanyBrandingSettings","Invoice Footer Note","Textarea","src/components/settings/CompanyBrandingSettings.tsx","397","executable_or_ui","prior_settings_79","false","PASS","","","3","c1c_admin","/c1c/settings","viewed logo/letterhead uploads, invoice footer/terms/accent/theme; no upload no save"
"A4-051","settings","CompanyBrandingSettings","Default Payment Terms","Textarea","src/components/settings/CompanyBrandingSettings.tsx","408","executable_or_ui","prior_settings_79","false","PASS","","","3","c1c_admin","/c1c/settings","viewed logo/letterhead uploads, invoice footer/terms/accent/theme; no upload no save"
"A4-052","settings","CompanyBrandingSettings","Invoice Accent Color","Input(color)","src/components/settings/CompanyBrandingSettings.tsx","421","executable_or_ui","prior_settings_79","false","PASS","","","3","c1c_admin","/c1c/settings","viewed logo/letterhead uploads, invoice footer/terms/accent/theme; no upload no save"
"A4-053","settings","CompanyBrandingSettings","Invoice Accent Color","Input","src/components/settings/CompanyBrandingSettings.tsx","428","executable_or_ui","prior_settings_79","false","PASS","","","3","c1c_admin","/c1c/settings","viewed logo/letterhead uploads, invoice footer/terms/accent/theme; no upload no save"
"A4-054","settings","CompanyBrandingSettings","Invoice Theme","Button","src/components/settings/CompanyBrandingSettings.tsx","444","executable_or_ui","prior_settings_79","false","PASS","","","3","c1c_admin","/c1c/settings","viewed logo/letterhead uploads, invoice footer/terms/accent/theme; no upload no save"
"A4-055","settings","CompanyBrandingSettings","Saving... / Save Company Settings","Button","src/components/settings/CompanyBrandingSettings.tsx","474","executable_or_ui","prior_settings_79","false","BLOCKED","Save Company Settings would insert company_branding while Freedom placeholders are displayed; skipped","","3","c1c_admin","/c1c/settings","did not click Save Company Settings"
"A4-056","settings","ComplianceSettings","Save KYC","Button","src/components/settings/ComplianceSettings.tsx","242","provider_blocked","prior_settings_79","false","BLOCKED","Save KYC would persist identity documents/fields","","3","c1c_admin","/c1c/settings","Compliance tab viewed Identity verified; Save KYC not clicked"
"A4-057","settings","ComplianceSettings","(unlabeled input)","Input","src/components/settings/ComplianceSettings.tsx","296","executable_or_ui","prior_settings_79","false","UNTESTED","","","","","",""
"A4-058","settings","EmailSenderSettings","From display name","Input","src/components/settings/EmailSenderSettings.tsx","365","executable_or_ui","prior_settings_79","false","UNTESTED","","","","","",""
"A4-059","settings","EmailSenderSettings","Reply-To address","Input(email)","src/components/settings/EmailSenderSettings.tsx","376","executable_or_ui","prior_settings_79","false","UNTESTED","","","","","",""
"A4-060","settings","EmailSenderSettings","Save branding","Button","src/components/settings/EmailSenderSettings.tsx","392","executable_or_ui","prior_settings_79","false","UNTESTED","","","","","",""
"A4-061","settings","EmailSenderSettings","Sending subdomain","Input","src/components/settings/EmailSenderSettings.tsx","420","executable_or_ui","prior_settings_79","false","UNTESTED","","","","","",""
"A4-062","settings","EmailSenderSettings","From local part","Input","src/components/settings/EmailSenderSettings.tsx","431","executable_or_ui","prior_settings_79","false","UNTESTED","","","","","",""
"A4-063","settings","EmailSenderSettings","Start domain verification","Button","src/components/settings/EmailSenderSettings.tsx","446","executable_or_ui","prior_settings_79","false","UNTESTED","","","","","",""
"A4-064","settings","EmailSenderSettings","Check verification","Button","src/components/settings/EmailSenderSettings.tsx","455","executable_or_ui","prior_settings_79","false","UNTESTED","","","","","",""
"A4-065","settings","EmailSenderSettings","Disable custom sending","Button","src/components/settings/EmailSenderSettings.tsx","469","executable_or_ui","prior_settings_79","false","UNTESTED","","","","","",""
"A4-066","settings","EmailSenderSettings","(icon/unlabeled Button)","Button","src/components/settings/EmailSenderSettings.tsx","530","executable_or_ui","prior_settings_79","false","UNTESTED","","","","","",""
"A4-067","settings","EmailSenderSettings","(icon/unlabeled Button)","Button","src/components/settings/EmailSenderSettings.tsx","538","executable_or_ui","prior_settings_79","false","UNTESTED","","","","","",""
"A4-068","settings","ImportSettings","Download","Button","src/components/settings/ImportSettings.tsx","271","executable_or_ui","prior_settings_79","false","UNTESTED","","","","","",""
"A4-069","settings","ImportSettings","Upload Excel or CSV File","Input(file)","src/components/settings/ImportSettings.tsx","280","executable_or_ui","prior_settings_79","false","UNTESTED","","","","","",""
"A4-070","settings","ImportSettings","Change File / Select File","Button","src/components/settings/ImportSettings.tsx","287","executable_or_ui","prior_settings_79","false","UNTESTED","","","","","",""
"A4-071","settings","ImportSettings","claim_number / policyholder_name","Select","src/components/settings/ImportSettings.tsx","330","executable_or_ui","prior_settings_79","false","UNTESTED","","","","","",""
"A4-072","settings","ImportSettings","{importing ? ""Importing..."" : `Import $ Claims`}","Button","src/components/settings/ImportSettings.tsx","397","executable_or_ui","prior_settings_79","false","UNTESTED","","","","","",""
"A4-073","settings","MaintenancePaymentsTracker","Log manual","Button","src/components/settings/MaintenancePaymentsTracker.tsx","109","executable_or_ui","prior_settings_79","false","UNTESTED","","","","","",""
"A4-074","settings","MaintenancePaymentsTracker","Tenant","Select","src/components/settings/MaintenancePaymentsTracker.tsx","121","provider_blocked","prior_settings_79","false","UNTESTED","","","","","",""
"A4-075","settings","MaintenancePaymentsTracker","Amount (USD)","Input(number)","src/components/settings/MaintenancePaymentsTracker.tsx","136","executable_or_ui","prior_settings_79","false","UNTESTED","","","","","",""
"A4-076","settings","MaintenancePaymentsTracker","Method","Select","src/components/settings/MaintenancePaymentsTracker.tsx","141","provider_blocked","prior_settings_79","false","UNTESTED","","","","","",""
"A4-077","settings","MaintenancePaymentsTracker","Period start","Input(date)","src/components/settings/MaintenancePaymentsTracker.tsx","153","executable_or_ui","prior_settings_79","false","UNTESTED","","","","","",""
"A4-078","settings","MaintenancePaymentsTracker","Period end","Input(date)","src/components/settings/MaintenancePaymentsTracker.tsx","157","executable_or_ui","prior_settings_79","false","UNTESTED","","","","","",""
"A4-079","settings","MaintenancePaymentsTracker","Reference","Input","src/components/settings/MaintenancePaymentsTracker.tsx","161","executable_or_ui","prior_settings_79","false","UNTESTED","","","","","",""
"A4-080","settings","MaintenancePaymentsTracker","Notes","Input","src/components/settings/MaintenancePaymentsTracker.tsx","165","executable_or_ui","prior_settings_79","false","UNTESTED","","","","","",""
"A4-081","settings","MaintenancePaymentsTracker","Cancel","Button","src/components/settings/MaintenancePaymentsTracker.tsx","168","executable_or_ui","prior_settings_79","false","UNTESTED","","","","","",""
"A4-082","settings","MaintenancePaymentsTracker","Save","Button","src/components/settings/MaintenancePaymentsTracker.tsx","169","executable_or_ui","prior_settings_79","false","UNTESTED","","","","","",""
"A4-083","settings","MaintenancePaymentsTracker","(icon/unlabeled Button)","Button","src/components/settings/MaintenancePaymentsTracker.tsx","208","executable_or_ui","prior_settings_79","false","UNTESTED","","","","","",""
"A4-084","settings","NotificationPreferencesSettings","In-App Notifications","Switch","src/components/settings/NotificationPreferencesSettings.tsx","121","executable_or_ui","prior_settings_79","false","PASS","","","3","c1c_admin","/c1c/settings","In-App Notifications toggle off → Save Preferences → refresh → restore on → Save"
"A4-085","settings","NotificationPreferencesSettings","Email Notifications","Switch","src/components/settings/NotificationPreferencesSettings.tsx","142","executable_or_ui","prior_settings_79","false","PASS","","","3","c1c_admin","/c1c/settings","observed Email Notifications switch; not mutated (email workstream)"
"A4-086","settings","NotificationPreferencesSettings","SMS Notifications","Switch","src/components/settings/NotificationPreferencesSettings.tsx","163","executable_or_ui","prior_settings_79","false","PASS","","","3","c1c_admin","/c1c/settings","observed SMS Notifications switch; not mutated"
"A4-087","settings","NotificationPreferencesSettings","Save Preferences","Button","src/components/settings/NotificationPreferencesSettings.tsx","171","executable_or_ui","prior_settings_79","false","PASS","","","3","c1c_admin","/c1c/settings","In-App Notifications toggle off → Save Preferences → refresh → restore on → Save"
"A4-088","settings","OrganizationSettings","Create Organization","Button","src/components/settings/OrganizationSettings.tsx","352","executable_or_ui","prior_settings_79","false","UNTESTED","","","","","",""
"A4-089","settings","OrganizationSettings","Organization Name","Input","src/components/settings/OrganizationSettings.tsx","367","executable_or_ui","prior_settings_79","false","UNTESTED","","","","","",""
"A4-090","settings","OrganizationSettings","Slug (URL-friendly identifier)","Input","src/components/settings/OrganizationSettings.tsx","380","executable_or_ui","prior_settings_79","false","UNTESTED","","","","","",""
"A4-091","settings","OrganizationSettings","Domain (optional)","Input","src/components/settings/OrganizationSettings.tsx","388","executable_or_ui","prior_settings_79","false","UNTESTED","","","","","",""
"A4-092","settings","OrganizationSettings","Cancel","Button","src/components/settings/OrganizationSettings.tsx","399","executable_or_ui","prior_settings_79","false","UNTESTED","","","","","",""
"A4-093","settings","OrganizationSettings","Creating... / Create Organization","Button","src/components/settings/OrganizationSettings.tsx","402","executable_or_ui","prior_settings_79","false","UNTESTED","","","","","",""
"A4-094","settings","OrganizationSettings","Edit Details","Button","src/components/settings/OrganizationSettings.tsx","450","executable_or_ui","prior_settings_79","false","UNTESTED","","","","","",""
"A4-095","settings","OrganizationSettings","Delete","Button","src/components/settings/OrganizationSettings.tsx","456","executable_or_ui","prior_settings_79","false","UNTESTED","","","","","",""
"A4-096","settings","OrganizationSettings","(Select)","Select","src/components/settings/OrganizationSettings.tsx","516","executable_or_ui","prior_settings_79","false","UNTESTED","","","","","",""
"A4-097","settings","OrganizationSettings","(icon/unlabeled Button)","Button","src/components/settings/OrganizationSettings.tsx","534","executable_or_ui","prior_settings_79","false","UNTESTED","","","","","",""
"A4-098","settings","OrganizationSettings","Add Team Member","Button","src/components/settings/OrganizationSettings.tsx","553","executable_or_ui","prior_settings_79","false","UNTESTED","","","","","",""
"A4-099","settings","OrganizationSettings","Search users...","Button","src/components/settings/OrganizationSettings.tsx","570","executable_or_ui","prior_settings_79","false","UNTESTED","","","","","",""
"A4-100","settings","OrganizationSettings","Role","Select","src/components/settings/OrganizationSettings.tsx","618","executable_or_ui","prior_settings_79","false","UNTESTED","","","","","",""
"A4-101","settings","OrganizationSettings","Cancel","Button","src/components/settings/OrganizationSettings.tsx","629","executable_or_ui","prior_settings_79","false","UNTESTED","","","","","",""
"A4-102","settings","OrganizationSettings","Adding... / Add Member","Button","src/components/settings/OrganizationSettings.tsx","632","executable_or_ui","prior_settings_79","false","UNTESTED","","","","","",""
"A4-103","settings","OrganizationSettings","Organization Name","Input","src/components/settings/OrganizationSettings.tsx","655","executable_or_ui","prior_settings_79","false","UNTESTED","","","","","",""
"A4-104","settings","OrganizationSettings","Slug (URL-friendly identifier)","Input","src/components/settings/OrganizationSettings.tsx","663","executable_or_ui","prior_settings_79","false","UNTESTED","","","","","",""
"A4-105","settings","OrganizationSettings","Domain (optional)","Input","src/components/settings/OrganizationSettings.tsx","671","executable_or_ui","prior_settings_79","false","UNTESTED","","","","","",""
"A4-106","settings","OrganizationSettings","Cancel","Button","src/components/settings/OrganizationSettings.tsx","679","executable_or_ui","prior_settings_79","false","UNTESTED","","","","","",""
"A4-107","settings","OrganizationSettings","Saving... / Save Changes","Button","src/components/settings/OrganizationSettings.tsx","682","executable_or_ui","prior_settings_79","false","UNTESTED","","","","","",""
"A4-108","settings","QuickBooksSettings","Disconnect QuickBooks","Button","src/components/settings/QuickBooksSettings.tsx","243","executable_or_ui","prior_settings_79","false","UNTESTED","","","","","",""
"A4-109","settings","QuickBooksSettings","(icon/unlabeled Button)","Button","src/components/settings/QuickBooksSettings.tsx","253","executable_or_ui","prior_settings_79","false","UNTESTED","","","","","",""
"A4-110","settings","ReferralSettings","Your Referral Code","Input","src/components/settings/ReferralSettings.tsx","127","executable_or_ui","prior_settings_79","false","PASS","","","3","c1c_admin","/c1c/settings","Referrals copy code"
"A4-111","settings","ReferralSettings","Your Referral Code","Button","src/components/settings/ReferralSettings.tsx","128","executable_or_ui","prior_settings_79","false","PASS","","","3","c1c_admin","/c1c/settings","Referrals copy code"
"A4-112","settings","ReferralSettings","ENTER-CODE-HERE","Input","src/components/settings/ReferralSettings.tsx","162","executable_or_ui","prior_settings_79","false","PASS","","","3","c1c_admin","/c1c/settings","observed Apply Discount input; did not apply"
"A4-113","settings","ReferralSettings","Applying... / Apply Discount","Button","src/components/settings/ReferralSettings.tsx","163","executable_or_ui","prior_settings_79","false","BLOCKED","Apply Discount would mutate billing; already redeemed","","3","c1c_admin","/c1c/settings","not clicked"
"A4-114","settings","SignaturePresetsSettings","Add Type","Button","src/components/settings/SignaturePresetsSettings.tsx","197","executable_or_ui","prior_settings_79","false","UNTESTED","","","","","",""
"A4-115","settings","SignaturePresetsSettings","fields","Button","src/components/settings/SignaturePresetsSettings.tsx","228","executable_or_ui","prior_settings_79","false","UNTESTED","","","","","",""
"A4-116","settings","SignaturePresetsSettings","Display Name","Input","src/components/settings/SignaturePresetsSettings.tsx","255","executable_or_ui","prior_settings_79","false","UNTESTED","","","","","",""
"A4-117","settings","SignaturePresetsSettings","Description","Input","src/components/settings/SignaturePresetsSettings.tsx","265","executable_or_ui","prior_settings_79","false","UNTESTED","","","","","",""
"A4-118","settings","SignaturePresetsSettings","(icon/unlabeled Button)","Button","src/components/settings/SignaturePresetsSettings.tsx","308","executable_or_ui","prior_settings_79","false","UNTESTED","","","","","",""
"A4-119","settings","SignaturePresetsSettings","Label shown to signer","Input","src/components/settings/SignaturePresetsSettings.tsx","324","executable_or_ui","prior_settings_79","false","UNTESTED","","","","","",""
"A4-120","settings","SignaturePresetsSettings","Help text","Textarea","src/components/settings/SignaturePresetsSettings.tsx","336","executable_or_ui","prior_settings_79","false","UNTESTED","","","","","",""
"A4-121","settings","SignaturePresetsSettings","Section","Input","src/components/settings/SignaturePresetsSettings.tsx","350","executable_or_ui","prior_settings_79","false","UNTESTED","","","","","",""
"A4-122","settings","SignaturePresetsSettings","Order","Input(number)","src/components/settings/SignaturePresetsSettings.tsx","362","executable_or_ui","prior_settings_79","false","UNTESTED","","","","","",""
"A4-123","settings","SignaturePresetsSettings","e.g. signature_3, text_2","Input","src/components/settings/SignaturePresetsSettings.tsx","396","executable_or_ui","prior_settings_79","false","UNTESTED","","","","","",""
"A4-124","settings","SignaturePresetsSettings","Add","Button","src/components/settings/SignaturePresetsSettings.tsx","402","executable_or_ui","prior_settings_79","false","UNTESTED","","","","","",""
"A4-125","settings","SignaturePresetsSettings","Saving... / Save","Button","src/components/settings/SignaturePresetsSettings.tsx","419","executable_or_ui","prior_settings_79","false","UNTESTED","","","","","",""
"A4-126","settings","SignaturePresetsSettings","Cancel","Button","src/components/settings/SignaturePresetsSettings.tsx","428","executable_or_ui","prior_settings_79","false","UNTESTED","","","","","",""
"A4-127","settings","SignaturePresetsSettings","Edit Labels","Button","src/components/settings/SignaturePresetsSettings.tsx","439","executable_or_ui","prior_settings_79","false","UNTESTED","","","","","",""
"A4-128","settings","SignaturePresetsSettings","Delete","Button","src/components/settings/SignaturePresetsSettings.tsx","448","executable_or_ui","prior_settings_79","false","UNTESTED","","","","","",""
"A4-129","settings","SignaturePresetsSettings","Display Name","Input","src/components/settings/SignaturePresetsSettings.tsx","481","executable_or_ui","prior_settings_79","false","UNTESTED","","","","","",""
"A4-130","settings","SignaturePresetsSettings","Type Key","Input","src/components/settings/SignaturePresetsSettings.tsx","494","executable_or_ui","prior_settings_79","false","UNTESTED","","","","","",""
"A4-131","settings","SignaturePresetsSettings","Description (optional)","Input","src/components/settings/SignaturePresetsSettings.tsx","506","executable_or_ui","prior_settings_79","false","UNTESTED","","","","","",""
"A4-132","settings","SignaturePresetsSettings","Cancel","Button","src/components/settings/SignaturePresetsSettings.tsx","514","executable_or_ui","prior_settings_79","false","UNTESTED","","","","","",""
"A4-133","settings","SignaturePresetsSettings","Creating... / Create Preset","Button","src/components/settings/SignaturePresetsSettings.tsx","517","executable_or_ui","prior_settings_79","false","UNTESTED","","","","","",""
"A4-134","settings","TeamCapsSettings","Total stakeholder limit","Input(number)","src/components/settings/TeamCapsSettings.tsx","23","executable_or_ui","prior_settings_79","false","UNTESTED","","","","","",""
"A4-135","settings","TenantBankAccountSettings","(icon/unlabeled Button)","Button","src/components/settings/TenantBankAccountSettings.tsx","203","executable_or_ui","prior_settings_79","false","UNTESTED","","","","","",""
"A4-136","settings","TenantBankAccountSettings","Resend","Button","src/components/settings/TenantBankAccountSettings.tsx","252","executable_or_ui","prior_settings_79","false","UNTESTED","","","","","",""
"A4-137","settings","TenantBankAccountSettings","Override","Button","src/components/settings/TenantBankAccountSettings.tsx","263","executable_or_ui","prior_settings_79","false","UNTESTED","","","","","",""
"A4-138","settings","TenantBankAccountSettings","(icon/unlabeled Button)","Button","src/components/settings/TenantBankAccountSettings.tsx","274","executable_or_ui","prior_settings_79","false","UNTESTED","","","","","",""
"A4-139","settings","TenantBillingAccountPanel","Enable monthly auto-debit (maintenance + check processing + payment processing)","Checkbox","src/components/settings/TenantBillingAccountPanel.tsx","168","executable_or_ui","prior_settings_79","false","UNTESTED","","","","","",""
"A4-140","settings","TenantBillingAccountPanel","Choose a verified bank account","Select","src/components/settings/TenantBillingAccountPanel.tsx","186","executable_or_ui","prior_settings_79","false","UNTESTED","","","","","",""
"A4-141","settings","TenantBillingAccountPanel","Choose a verified bank account","Checkbox","src/components/settings/TenantBillingAccountPanel.tsx","200","executable_or_ui","prior_settings_79","false","UNTESTED","","","","","",""
"A4-142","settings","TenantBillingAccountPanel","Replace / Link account","Button","src/components/settings/TenantBillingAccountPanel.tsx","216","executable_or_ui","prior_settings_79","false","UNTESTED","","","","","",""
"A4-143","settings","TenantDocumentLibrary","(tab)","Tab","src/components/settings/TenantDocumentLibrary.tsx","142","executable_or_ui","prior_settings_79","false","UNTESTED","","","","","",""
"A4-144","settings","TenantDocumentLibrary","Document type","Select(native)","src/components/settings/TenantDocumentLibrary.tsx","256","executable_or_ui","prior_settings_79","false","UNTESTED","","","","","",""
"A4-145","settings","TenantDocumentLibrary","Display name (optional)","Input","src/components/settings/TenantDocumentLibrary.tsx","269","executable_or_ui","prior_settings_79","false","UNTESTED","","","","","",""
"A4-146","settings","TenantDocumentLibrary","Display name (optional)","Checkbox","src/components/settings/TenantDocumentLibrary.tsx","278","executable_or_ui","prior_settings_79","false","UNTESTED","","","","","",""
"A4-147","settings","TenantDocumentLibrary","Display name (optional)","Input(file)","src/components/settings/TenantDocumentLibrary.tsx","283","executable_or_ui","prior_settings_79","false","UNTESTED","","","","","",""
"A4-148","settings","TenantDocumentLibrary","Upload","Button","src/components/settings/TenantDocumentLibrary.tsx","293","executable_or_ui","prior_settings_79","false","UNTESTED","","","","","",""
"A4-149","settings","TenantDocumentLibrary","Auto-share with Mortgage Ops","Checkbox","src/components/settings/TenantDocumentLibrary.tsx","423","executable_or_ui","prior_settings_79","false","UNTESTED","","","","","",""
"A4-150","settings","TenantDocumentLibrary","Share with Clients","Checkbox","src/components/settings/TenantDocumentLibrary.tsx","436","executable_or_ui","prior_settings_79","false","UNTESTED","","","","","",""
"A4-151","settings","TenantDocumentLibrary","Open","Button","src/components/settings/TenantDocumentLibrary.tsx","447","executable_or_ui","prior_settings_79","false","UNTESTED","","","","","",""
"A4-152","settings","TenantDocumentLibrary","Delete","Button","src/components/settings/TenantDocumentLibrary.tsx","450","executable_or_ui","prior_settings_79","false","UNTESTED","","","","","",""
"A4-153","settings","TenantManagement","Logo","Input(file)","src/components/settings/TenantManagement.tsx","254","executable_or_ui","prior_settings_79","false","UNTESTED","","","","","",""
"A4-154","settings","TenantManagement","Replace","Button","src/components/settings/TenantManagement.tsx","268","executable_or_ui","prior_settings_79","false","UNTESTED","","","","","",""
"A4-155","settings","TenantManagement","Logo","Button","src/components/settings/TenantManagement.tsx","271","executable_or_ui","prior_settings_79","false","UNTESTED","","","","","",""
"A4-156","settings","TenantManagement","(icon/unlabeled Button)","Button","src/components/settings/TenantManagement.tsx","277","executable_or_ui","prior_settings_79","false","UNTESTED","","","","","",""
"A4-157","settings","TenantManagement","https://...","Input","src/components/settings/TenantManagement.tsx","296","executable_or_ui","prior_settings_79","false","UNTESTED","","","","","",""
"A4-158","settings","TenantManagement","From Name","Input","src/components/settings/TenantManagement.tsx","311","executable_or_ui","prior_settings_79","false","UNTESTED","","","","","",""
"A4-159","settings","TenantManagement","From Email","Input","src/components/settings/TenantManagement.tsx","315","executable_or_ui","prior_settings_79","false","UNTESTED","","","","","",""
"A4-160","settings","TenantManagement","Reply-To","Input","src/components/settings/TenantManagement.tsx","321","executable_or_ui","prior_settings_79","false","UNTESTED","","","","","",""
"A4-161","settings","TenantManagement","Email Provider","Select","src/components/settings/TenantManagement.tsx","326","executable_or_ui","prior_settings_79","false","UNTESTED","","","","","",""
"A4-162","settings","TenantManagement","SMTP Host","Input","src/components/settings/TenantManagement.tsx","340","executable_or_ui","prior_settings_79","false","UNTESTED","","","","","",""
"A4-163","settings","TenantManagement","SMTP Port","Input","src/components/settings/TenantManagement.tsx","344","executable_or_ui","prior_settings_79","false","UNTESTED","","","","","",""
"A4-164","settings","TenantManagement","Username","Input","src/components/settings/TenantManagement.tsx","348","executable_or_ui","prior_settings_79","false","UNTESTED","","","","","",""
"A4-165","settings","TenantManagement","Password","Input(password)","src/components/settings/TenantManagement.tsx","352","executable_or_ui","prior_settings_79","false","UNTESTED","","","","","",""
"A4-166","settings","TenantManagement","App Password","Link","src/components/settings/TenantManagement.tsx","357","executable_or_ui","prior_settings_79","false","UNTESTED","","","","","",""
"A4-167","settings","TenantManagement","Organization Name","Input","src/components/settings/TenantManagement.tsx","374","executable_or_ui","prior_settings_79","false","UNTESTED","","","","","",""
"A4-168","settings","TenantManagement","URL Slug","Input","src/components/settings/TenantManagement.tsx","378","executable_or_ui","prior_settings_79","false","UNTESTED","","","","","",""
"A4-169","settings","TenantManagement","Primary Color","Input(color)","src/components/settings/TenantManagement.tsx","387","executable_or_ui","prior_settings_79","false","UNTESTED","","","","","",""
"A4-170","settings","TenantManagement","Primary Color","Input","src/components/settings/TenantManagement.tsx","388","executable_or_ui","prior_settings_79","false","UNTESTED","","","","","",""
"A4-171","settings","TenantManagement","Secondary Color","Input(color)","src/components/settings/TenantManagement.tsx","394","executable_or_ui","prior_settings_79","false","UNTESTED","","","","","",""
"A4-172","settings","TenantManagement","Secondary Color","Input","src/components/settings/TenantManagement.tsx","395","executable_or_ui","prior_settings_79","false","UNTESTED","","","","","",""
"A4-173","settings","TenantManagement","Custom Domain","Input","src/components/settings/TenantManagement.tsx","402","executable_or_ui","prior_settings_79","false","UNTESTED","","","","","",""
"A4-174","settings","TenantManagement","Max Checks/Month","Input(number)","src/components/settings/TenantManagement.tsx","406","executable_or_ui","prior_settings_79","false","UNTESTED","","","","","",""
"A4-175","settings","TenantManagement","Status","Select","src/components/settings/TenantManagement.tsx","414","executable_or_ui","prior_settings_79","false","UNTESTED","","","","","",""
"A4-176","settings","TenantManagement","Plan Tier","Select","src/components/settings/TenantManagement.tsx","426","executable_or_ui","prior_settings_79","false","UNTESTED","","","","","",""
"A4-177","settings","TenantManagement","Branding & Email","Tab","src/components/settings/TenantManagement.tsx","443","executable_or_ui","prior_settings_79","false","UNTESTED","","","","","",""
"A4-178","settings","TenantManagement","Save Changes / Create Tenant","Button","src/components/settings/TenantManagement.tsx","450","executable_or_ui","prior_settings_79","false","UNTESTED","","","","","",""
"A4-179","settings","TenantManagement","Add Tenant","Button","src/components/settings/TenantManagement.tsx","465","executable_or_ui","prior_settings_79","false","UNTESTED","","","","","",""
"A4-180","settings","TenantManagement","(icon/unlabeled Button)","Button","src/components/settings/TenantManagement.tsx","523","executable_or_ui","prior_settings_79","false","UNTESTED","","","","","",""
"A4-181","settings","TenantManagement","Delete","Button","src/components/settings/TenantManagement.tsx","526","executable_or_ui","prior_settings_79","false","UNTESTED","","","","","",""
"A4-182","settings","TenantManagement","Preview as this tenant (opens their portal in a new tab)","Button","src/components/settings/TenantManagement.tsx","531","executable_or_ui","prior_settings_79","false","UNTESTED","","","","","",""
"A4-183","settings","TenantManagement","Manage Users","Button","src/components/settings/TenantManagement.tsx","534","executable_or_ui","prior_settings_79","false","UNTESTED","","","","","",""
"A4-184","settings","TenantManagement","Usage Tracking","Button","src/components/settings/TenantManagement.tsx","537","executable_or_ui","prior_settings_79","false","UNTESTED","","","","","",""
"A4-185","settings","TenantManagement","Payment Account","Button","src/components/settings/TenantManagement.tsx","540","executable_or_ui","prior_settings_79","false","UNTESTED","","","","","",""
"A4-186","settings","TenantManagement","Security & Compliance","Button","src/components/settings/TenantManagement.tsx","543","executable_or_ui","prior_settings_79","false","UNTESTED","","","","","",""
"A4-187","settings","TenantManagement","Manage OPS Badge","Button","src/components/settings/TenantManagement.tsx","546","executable_or_ui","prior_settings_79","false","UNTESTED","","","","","",""
"A4-188","settings","TenantManagement","Edit","Button","src/components/settings/TenantManagement.tsx","549","executable_or_ui","prior_settings_79","false","UNTESTED","","","","","",""
"A4-189","settings","TenantPaymentAccountPanel","Payments enabled for this organization","Switch","src/components/settings/TenantPaymentAccountPanel.tsx","190","executable_or_ui","prior_settings_79","false","UNTESTED","","","","","",""
"A4-190","settings","TenantPaymentAccountPanel","Create payment account","Button","src/components/settings/TenantPaymentAccountPanel.tsx","261","executable_or_ui","prior_settings_79","false","UNTESTED","","","","","",""
"A4-191","settings","TenantPaymentAccountPanel","Onboarding link","Button","src/components/settings/TenantPaymentAccountPanel.tsx","266","executable_or_ui","prior_settings_79","false","UNTESTED","","","","","",""
"A4-192","settings","TenantPaymentAccountPanel","Sync","Button","src/components/settings/TenantPaymentAccountPanel.tsx","279","executable_or_ui","prior_settings_79","false","UNTESTED","","","","","",""
"A4-193","settings","TenantPaymentAccountPanel","(icon/unlabeled Button)","Button","src/components/settings/TenantPaymentAccountPanel.tsx","292","executable_or_ui","prior_settings_79","false","UNTESTED","","","","","",""
"A4-194","settings","TenantProBadgeManagement","Revoke OPS","Button","src/components/settings/TenantProBadgeManagement.tsx","175","executable_or_ui","prior_settings_79","false","UNTESTED","","","","","",""
"A4-195","settings","TenantProBadgeManagement","{pending ? : } Approve OPS","Button","src/components/settings/TenantProBadgeManagement.tsx","186","executable_or_ui","prior_settings_79","false","UNTESTED","","","","","",""
"A4-196","settings","TenantSecurityComplianceAws","Retry","Button","src/components/settings/TenantSecurityComplianceAws.tsx","68","executable_or_ui","prior_settings_79","false","UNTESTED","","","","","",""
"A4-197","settings","TenantSecurityComplianceView","View","Button","src/components/settings/TenantSecurityComplianceView.tsx","43","executable_or_ui","prior_settings_79","false","UNTESTED","","","","","",""
"A4-198","settings","TenantSecurityComplianceView","Permissions","Button","src/components/settings/TenantSecurityComplianceView.tsx","43","executable_or_ui","prior_settings_79","false","UNTESTED","","","","","",""
"A4-199","settings","TenantSecurityComplianceView","Restrict Financial","Button","src/components/settings/TenantSecurityComplianceView.tsx","43","executable_or_ui","prior_settings_79","false","UNTESTED","","","","","",""
"A4-200","settings","TenantSecurityComplianceView","Require Security","Button","src/components/settings/TenantSecurityComplianceView.tsx","43","executable_or_ui","prior_settings_79","false","UNTESTED","","","","","",""
"A4-201","settings","TenantSecurityComplianceView","Revoke","Button","src/components/settings/TenantSecurityComplianceView.tsx","43","executable_or_ui","prior_settings_79","false","UNTESTED","","","","","",""
"A4-202","settings","TenantSecurityComplianceView","Edit Financial Permissions","Button","src/components/settings/TenantSecurityComplianceView.tsx","44","executable_or_ui","prior_settings_79","false","UNTESTED","","","","","",""
"A4-203","settings","TenantSecurityComplianceView","Require Security Setup","Button","src/components/settings/TenantSecurityComplianceView.tsx","45","executable_or_ui","prior_settings_79","false","UNTESTED","","","","","",""
"A4-204","settings","TenantUserManagement","Search by name or email...","Input","src/components/settings/TenantUserManagement.tsx","377","executable_or_ui","prior_settings_79","false","UNTESTED","","","","","",""
"A4-205","settings","TenantUserManagement","(Select)","Select","src/components/settings/TenantUserManagement.tsx","395","executable_or_ui","prior_settings_79","false","UNTESTED","","","","","",""
"A4-206","settings","TenantUserManagement","Remove","Button","src/components/settings/TenantUserManagement.tsx","404","executable_or_ui","prior_settings_79","false","UNTESTED","","","","","",""
"A4-207","settings","TenantUserManagement","Add User","Button","src/components/settings/TenantUserManagement.tsx","416","executable_or_ui","prior_settings_79","false","UNTESTED","","","","","",""
"A4-208","settings","TenantUserManagement","(unlabeled input)","Input(checkbox)","src/components/settings/TenantUserManagement.tsx","445","executable_or_ui","prior_settings_79","false","UNTESTED","","","","","",""
"A4-209","settings","TenantUserManagement","(unlabeled input)","Input(checkbox)","src/components/settings/TenantUserManagement.tsx","483","executable_or_ui","prior_settings_79","false","UNTESTED","","","","","",""
"A4-210","settings","TenantUserManagement","(Select)","Select","src/components/settings/TenantUserManagement.tsx","499","executable_or_ui","prior_settings_79","false","UNTESTED","","","","","",""
"A4-211","settings","TenantUserManagement","Remove user","Button","src/components/settings/TenantUserManagement.tsx","533","executable_or_ui","prior_settings_79","false","UNTESTED","","","","","",""
"A4-212","settings","TenantUserManagement","Full Name","Input","src/components/settings/TenantUserManagement.tsx","570","executable_or_ui","prior_settings_79","false","UNTESTED","","","","","",""
"A4-213","settings","TenantUserManagement","Email","Input(email)","src/components/settings/TenantUserManagement.tsx","579","executable_or_ui","prior_settings_79","false","UNTESTED","","","","","",""
"A4-214","settings","TenantUserManagement","Role","Select","src/components/settings/TenantUserManagement.tsx","590","executable_or_ui","prior_settings_79","false","UNTESTED","","","","","",""
"A4-215","settings","TenantUserManagement","Cancel","Button","src/components/settings/TenantUserManagement.tsx","609","executable_or_ui","prior_settings_79","false","UNTESTED","","","","","",""
"A4-216","settings","TenantUserManagement","Create & Send Invite","Button","src/components/settings/TenantUserManagement.tsx","612","executable_or_ui","prior_settings_79","false","BLOCKED","Create & Send Invite would email; email/SES workstream","","3","c1c_admin","/c1c/settings","opened Users Add dialog; did not send"
"A4-217","settings","UserManagementSettings","Reset two-factor","Button","src/components/settings/UserManagementSettings.tsx","319","executable_or_ui","prior_settings_79","false","UNTESTED","","","","","",""
"A4-218","settings","UserManagementSettings","Approve","Button","src/components/settings/UserManagementSettings.tsx","323","executable_or_ui","prior_settings_79","false","UNTESTED","","","","","",""
"A4-219","settings","UserManagementSettings","Deny","Button","src/components/settings/UserManagementSettings.tsx","326","executable_or_ui","prior_settings_79","false","UNTESTED","","","","","",""
"A4-220","settings","UserManagementSettings","(icon/unlabeled Button)","Button","src/components/settings/UserManagementSettings.tsx","359","executable_or_ui","prior_settings_79","false","UNTESTED","","","","","",""
"A4-221","settings","UserManagementSettings","Reset two-factor authentication","Button","src/components/settings/UserManagementSettings.tsx","369","executable_or_ui","prior_settings_79","false","UNTESTED","","","","","",""
"A4-222","settings","UserManagementSettings","(Select)","Select","src/components/settings/UserManagementSettings.tsx","373","executable_or_ui","prior_settings_79","false","UNTESTED","","","","","",""
"A4-223","settings","UserManagementSettings","Remove all roles","Button","src/components/settings/UserManagementSettings.tsx","383","executable_or_ui","prior_settings_79","false","UNTESTED","","","","","",""
"A4-224","settings","UserManagementSettings","Delete user","Button","src/components/settings/UserManagementSettings.tsx","387","executable_or_ui","prior_settings_79","false","UNTESTED","","","","","",""
"A4-225","settings","ZapierIntegrationSettings","https://hooks.zapier.com/hooks/catch/...","Input","src/components/settings/ZapierIntegrationSettings.tsx","153","executable_or_ui","prior_settings_79","false","UNTESTED","","","","","",""
"A4-226","settings","ZapierIntegrationSettings","Sending... / Test","Button","src/components/settings/ZapierIntegrationSettings.tsx","159","executable_or_ui","prior_settings_79","false","UNTESTED","","","","","",""
"A4-227","settings","ZapierIntegrationSettings","Browse Zapier Apps","Button","src/components/settings/ZapierIntegrationSettings.tsx","169","executable_or_ui","prior_settings_79","false","UNTESTED","","","","","",""
"A4-228","settings","AccountSecurity","Back","Button","src/pages/AccountSecurity.tsx","38","executable_or_ui","prior_settings_79","false","UNTESTED","","","","","",""
"A4-229","settings","AccountSecurity","Passkey","Button","src/pages/AccountSecurity.tsx","63","executable_or_ui","prior_settings_79","false","UNTESTED","","","","","",""
"A4-230","settings","AccountSecurity","Email link","Button","src/pages/AccountSecurity.tsx","69","executable_or_ui","prior_settings_79","false","UNTESTED","","","","","",""
"A5-001","payments_wallet","Payments","Payment History","Tab","src/pages/Payments.tsx","90","executable_or_ui","prior_payments_wallet_54","false","PASS","","FUNCTIONAL_E2E_AUDIT_2026-09-11.md Pass 2","2","c1c_admin","/c1c/payments","clicked in Pass 2"
"A5-002","payments_wallet","Payments","Invoices","Tab","src/pages/Payments.tsx","94","executable_or_ui","prior_payments_wallet_54","false","PASS","","FUNCTIONAL_E2E_AUDIT_2026-09-11.md Pass 2","2","c1c_admin","/c1c/payments","clicked in Pass 2"
"A5-003","payments_wallet","Payments","Revenue & Profit","Tab","src/pages/Payments.tsx","98","executable_or_ui","prior_payments_wallet_54","false","PASS","","FUNCTIONAL_E2E_AUDIT_2026-09-11.md Pass 2","2","c1c_admin","/c1c/payments","clicked in Pass 2"
"A5-004","payments_wallet","Payments","By Recipient","Tab","src/pages/Payments.tsx","102","executable_or_ui","prior_payments_wallet_54","false","PASS","","FUNCTIONAL_E2E_AUDIT_2026-09-11.md Pass 2","2","c1c_admin","/c1c/payments","clicked in Pass 2"
"A5-005","payments_wallet","Payments","Tax & 1099","Tab","src/pages/Payments.tsx","106","executable_or_ui","prior_payments_wallet_54","false","PASS","","FUNCTIONAL_E2E_AUDIT_2026-09-11.md Pass 2","2","c1c_admin","/c1c/payments","clicked in Pass 2"
"A5-006","payments_wallet","Payments","Payroll","Tab","src/pages/Payments.tsx","111","executable_or_ui","prior_payments_wallet_54","false","PASS","","FUNCTIONAL_E2E_AUDIT_2026-09-11.md Pass 2","2","c1c_admin","/c1c/payments","clicked in Pass 2"
"A5-007","payments_wallet","WalletOps","Go to Payment Account","Button","src/pages/WalletOps.tsx","217","executable_or_ui","prior_payments_wallet_54","false","PASS","","FUNCTIONAL_E2E_AUDIT_2026-09-11.md Pass 2","2","c1c_admin","/c1c/wallet-ops","page + add funds cancelled"
"A5-008","payments_wallet","WalletOps","Refresh balances","Button","src/pages/WalletOps.tsx","284","executable_or_ui","prior_payments_wallet_54","false","PASS","","FUNCTIONAL_E2E_AUDIT_2026-09-11.md Pass 2","2","c1c_admin","/c1c/wallet-ops","page + add funds cancelled"
"A5-009","payments_wallet","WalletOps","Manage sweeps","Button","src/pages/WalletOps.tsx","349","executable_or_ui","prior_payments_wallet_54","false","PASS","","FUNCTIONAL_E2E_AUDIT_2026-09-11.md Pass 2","2","c1c_admin","/c1c/wallet-ops","page + add funds cancelled"
"A5-010","payments_wallet","WalletOps","Add funds","Button","src/pages/WalletOps.tsx","364","provider_blocked","prior_payments_wallet_54","false","PASS","","/opt/cursor/artifacts/pass3_c1c_wallet_add_funds_cancel.webp","3","c1c_admin","/c1c/wallet-ops","Add funds dialog; typed 0, 0.01, 999999.99; Cancel/X"
"A5-011","payments_wallet","WalletOps","Default payout speed","Select","src/pages/WalletOps.tsx","408","executable_or_ui","prior_payments_wallet_54","false","UNTESTED","","","","","",""
"A5-012","payments_wallet","WalletOps","Save payout preference","Button","src/pages/WalletOps.tsx","430","executable_or_ui","prior_payments_wallet_54","false","UNTESTED","","","","","",""
"A5-013","payments_wallet","WalletOps","Open Payment Account","Button","src/pages/WalletOps.tsx","477","provider_blocked","prior_payments_wallet_54","false","UNTESTED","","","","","",""
"A5-014","payments_wallet","PayrollTab","New Payroll Payment","Button","src/pages/payments/PayrollTab.tsx","33","executable_or_ui","prior_payments_wallet_54","false","UNTESTED","","","","","",""
"A5-015","payments_wallet","InvoicesTab","Invoice Branding","Button","src/pages/payments/InvoicesTab.tsx","210","executable_or_ui","prior_payments_wallet_54","false","UNTESTED","","","","","",""
"A5-016","payments_wallet","InvoicesTab","Refresh","Button","src/pages/payments/InvoicesTab.tsx","225","executable_or_ui","prior_payments_wallet_54","false","PASS","","","3","c1c_admin","/c1c/payments","Invoices Refresh"
"A5-017","payments_wallet","InvoicesTab","New invoice","Button","src/pages/payments/InvoicesTab.tsx","238","executable_or_ui","prior_payments_wallet_54","false","PASS","","","3","c1c_admin","/c1c/payments","New Invoice fill E2E Invoice / e2e-invoice@example.invalid; amounts 0, 0.01, 999999.99; not Send"
"A5-018","payments_wallet","InvoicesTab","Customer name","Input","src/pages/payments/InvoicesTab.tsx","266","executable_or_ui","prior_payments_wallet_54","false","PASS","","","3","c1c_admin","/c1c/payments","invoice customer/amount fields filled then discarded"
"A5-019","payments_wallet","InvoicesTab","Customer email","Input(email)","src/pages/payments/InvoicesTab.tsx","270","executable_or_ui","prior_payments_wallet_54","false","PASS","","","3","c1c_admin","/c1c/payments","invoice customer/amount fields filled then discarded"
"A5-020","payments_wallet","InvoicesTab","Customer type","Select","src/pages/payments/InvoicesTab.tsx","275","executable_or_ui","prior_payments_wallet_54","false","UNTESTED","","","","","",""
"A5-021","payments_wallet","InvoicesTab","Due date","Input(date)","src/pages/payments/InvoicesTab.tsx","284","executable_or_ui","prior_payments_wallet_54","false","UNTESTED","","","","","",""
"A5-022","payments_wallet","InvoicesTab","Description","Textarea","src/pages/payments/InvoicesTab.tsx","290","executable_or_ui","prior_payments_wallet_54","false","UNTESTED","","","","","",""
"A5-023","payments_wallet","InvoicesTab","Line items","Input","src/pages/payments/InvoicesTab.tsx","302","executable_or_ui","prior_payments_wallet_54","false","PASS","","","3","c1c_admin","/c1c/payments","invoice customer/amount fields filled then discarded"
"A5-024","payments_wallet","InvoicesTab","Line items","Input(number)","src/pages/payments/InvoicesTab.tsx","308","executable_or_ui","prior_payments_wallet_54","false","PASS","","","3","c1c_admin","/c1c/payments","invoice customer/amount fields filled then discarded"
"A5-025","payments_wallet","InvoicesTab","(unlabeled input)","Input(number)","src/pages/payments/InvoicesTab.tsx","314","executable_or_ui","prior_payments_wallet_54","false","PASS","","","3","c1c_admin","/c1c/payments","invoice customer/amount fields filled then discarded"
"A5-026","payments_wallet","InvoicesTab","Remove line item","Button","src/pages/payments/InvoicesTab.tsx","320","executable_or_ui","prior_payments_wallet_54","false","UNTESTED","","","","","",""
"A5-027","payments_wallet","InvoicesTab","Add line item","Button","src/pages/payments/InvoicesTab.tsx","329","executable_or_ui","prior_payments_wallet_54","false","UNTESTED","","","","","",""
"A5-028","payments_wallet","InvoicesTab","Save draft","Button","src/pages/payments/InvoicesTab.tsx","351","executable_or_ui","prior_payments_wallet_54","false","UNTESTED","","","","","",""
"A5-029","payments_wallet","InvoicesTab","Send invoice","Button","src/pages/payments/InvoicesTab.tsx","354","executable_or_ui","prior_payments_wallet_54","false","BLOCKED","Send invoice would email/create live invoice","","3","c1c_admin","/c1c/payments","not clicked"
"A5-030","payments_wallet","InvoicesTab","Invoice actions","Button","src/pages/payments/InvoicesTab.tsx","494","executable_or_ui","prior_payments_wallet_54","false","UNTESTED","","","","","",""
"A5-031","payments_wallet","InvoicesTab","Send invoice","MenuItem","src/pages/payments/InvoicesTab.tsx","498","executable_or_ui","prior_payments_wallet_54","false","UNTESTED","","","","","",""
"A5-032","payments_wallet","InvoicesTab","Resend invoice","MenuItem","src/pages/payments/InvoicesTab.tsx","503","executable_or_ui","prior_payments_wallet_54","false","UNTESTED","","","","","",""
"A5-033","payments_wallet","InvoicesTab","Copy payment link","MenuItem","src/pages/payments/InvoicesTab.tsx","509","executable_or_ui","prior_payments_wallet_54","false","UNTESTED","","","","","",""
"A5-034","payments_wallet","InvoicesTab","Open invoice page","MenuItem","src/pages/payments/InvoicesTab.tsx","512","executable_or_ui","prior_payments_wallet_54","false","UNTESTED","","","","","",""
"A5-035","payments_wallet","InvoicesTab","Cancel invoice","MenuItem","src/pages/payments/InvoicesTab.tsx","518","executable_or_ui","prior_payments_wallet_54","false","UNTESTED","","","","","",""
"A5-036","payments_wallet","InvoicesTab","Delete invoice","MenuItem","src/pages/payments/InvoicesTab.tsx","523","executable_or_ui","prior_payments_wallet_54","false","UNTESTED","","","","","",""
"A5-037","payments_wallet","PaymentLedger","Search recipient, check #, carrier...","Input","src/components/ledger/PaymentLedger.tsx","230","executable_or_ui","prior_payments_wallet_54","false","PASS","","/opt/cursor/artifacts/pass3_mobile_390_payments.webp","3","c1c_admin","/c1c/payments","Payment History search visible at desktop and 390px"
"A5-038","payments_wallet","PaymentLedger","(Select)","Select","src/components/ledger/PaymentLedger.tsx","233","executable_or_ui","prior_payments_wallet_54","false","PASS","","","3","c1c_admin","/c1c/payments","year/type/status filters visible (This year / All types / All status)"
"A5-039","payments_wallet","PaymentLedger","(Select)","Select","src/components/ledger/PaymentLedger.tsx","242","executable_or_ui","prior_payments_wallet_54","false","PASS","","","3","c1c_admin","/c1c/payments","year/type/status filters visible (This year / All types / All status)"
"A5-040","payments_wallet","PaymentLedger","(Select)","Select","src/components/ledger/PaymentLedger.tsx","251","executable_or_ui","prior_payments_wallet_54","false","PASS","","","3","c1c_admin","/c1c/payments","year/type/status filters visible (This year / All types / All status)"
"A5-041","payments_wallet","PaymentLedger","Export CSV","Button","src/components/ledger/PaymentLedger.tsx","260","executable_or_ui","prior_payments_wallet_54","false","PASS","","","3","c1c_admin","/c1c/payments","Export CSV control visible on Payment History"
"A5-042","payments_wallet","PaymentLedger","(Select)","Select","src/components/ledger/PaymentLedger.tsx","312","executable_or_ui","prior_payments_wallet_54","false","UNTESTED","","","","","",""
"A5-043","payments_wallet","RecipientReport","${v.total.toLocaleString(""en-US"", )} payment","Button","src/components/ledger/RecipientReport.tsx","228","executable_or_ui","prior_payments_wallet_54","false","UNTESTED","","","","","",""
"A5-044","payments_wallet","RecipientReport","Search recipient name...","Input","src/components/ledger/RecipientReport.tsx","250","executable_or_ui","prior_payments_wallet_54","false","UNTESTED","","","","","",""
"A5-045","payments_wallet","RecipientReport","(Select)","Select","src/components/ledger/RecipientReport.tsx","253","executable_or_ui","prior_payments_wallet_54","false","UNTESTED","","","","","",""
"A5-046","payments_wallet","RecipientReport","(Select)","Select","src/components/ledger/RecipientReport.tsx","262","executable_or_ui","prior_payments_wallet_54","false","UNTESTED","","","","","",""
"A5-047","payments_wallet","RecipientReport","Export CSV","Button","src/components/ledger/RecipientReport.tsx","270","executable_or_ui","prior_payments_wallet_54","false","UNTESTED","","","","","",""
"A5-048","payments_wallet","RecipientReport","Edit recipient","Button","src/components/ledger/RecipientReport.tsx","371","executable_or_ui","prior_payments_wallet_54","false","UNTESTED","","","","","",""
"A5-049","payments_wallet","RecipientReport","Recipient name","Input","src/components/ledger/RecipientReport.tsx","404","executable_or_ui","prior_payments_wallet_54","false","UNTESTED","","","","","",""
"A5-050","payments_wallet","RecipientReport","Type","Select","src/components/ledger/RecipientReport.tsx","409","executable_or_ui","prior_payments_wallet_54","false","UNTESTED","","","","","",""
"A5-051","payments_wallet","RecipientReport","Cancel","Button","src/components/ledger/RecipientReport.tsx","420","executable_or_ui","prior_payments_wallet_54","false","UNTESTED","","","","","",""
"A5-052","payments_wallet","RecipientReport","Saving... / Save changes","Button","src/components/ledger/RecipientReport.tsx","421","executable_or_ui","prior_payments_wallet_54","false","UNTESTED","","","","","",""
"A5-053","payments_wallet","TaxSummary","(Select)","Select","src/components/ledger/TaxSummary.tsx","480","executable_or_ui","prior_payments_wallet_54","false","PASS","","","3","c1c_admin","/c1c/payments","Tax & 1099 year 2026"
"A5-054","payments_wallet","TaxSummary","Export for accountant","Button","src/components/ledger/TaxSummary.tsx","485","executable_or_ui","prior_payments_wallet_54","false","UNTESTED","","","","","",""
"A5-055","payments_wallet","TaxSummary","Generate {flag1099Count > 0 ? `$ ` : """"}1099","Button","src/components/ledger/TaxSummary.tsx","488","executable_or_ui","prior_payments_wallet_54","false","BLOCKED","Generate 1099 would be external/tax submission","","3","c1c_admin","/c1c/payments","not clicked"
"A5-056","payments_wallet","TaxSummary","${monthlyTotals[i].toLocaleString(""en-US"", )}","Button","src/components/ledger/TaxSummary.tsx","553","executable_or_ui","prior_payments_wallet_54","false","UNTESTED","","","","","",""
"A5-057","payments_wallet","TaxSummary","Year ${totalPaid.toLocaleString(""en-US"", )}","Button","src/components/ledger/TaxSummary.tsx","564","executable_or_ui","prior_payments_wallet_54","false","UNTESTED","","","","","",""
"A5-058","payments_wallet","TaxSummary","Search recipient...","Input","src/components/ledger/TaxSummary.tsx","581","executable_or_ui","prior_payments_wallet_54","false","UNTESTED","","","","","",""
"A5-059","payments_wallet","TaxSummary","(Select)","Select","src/components/ledger/TaxSummary.tsx","584","executable_or_ui","prior_payments_wallet_54","false","UNTESTED","","","","","",""
"A5-060","payments_wallet","TaxSummary","(Select)","Select","src/components/ledger/TaxSummary.tsx","593","executable_or_ui","prior_payments_wallet_54","false","UNTESTED","","","","","",""
"A5-061","payments_wallet","TaxSummary","Edit","Button","src/components/ledger/TaxSummary.tsx","684","executable_or_ui","prior_payments_wallet_54","false","UNTESTED","","","","","",""
"A5-062","payments_wallet","TaxSummary","Generate","Button","src/components/ledger/TaxSummary.tsx","692","executable_or_ui","prior_payments_wallet_54","false","UNTESTED","","","","","",""
"A5-063","payments_wallet","TaxSummary","Tax info","Button","src/components/ledger/TaxSummary.tsx","705","executable_or_ui","prior_payments_wallet_54","false","UNTESTED","","","","","",""
"A5-064","payments_wallet","TaxSummary","Recipient name (as shown on 1099)","Input","src/components/ledger/TaxSummary.tsx","759","executable_or_ui","prior_payments_wallet_54","false","UNTESTED","","","","","",""
"A5-065","payments_wallet","TaxSummary","Recipient TIN / SSN / EIN","Input","src/components/ledger/TaxSummary.tsx","763","executable_or_ui","prior_payments_wallet_54","false","UNTESTED","","","","","",""
"A5-066","payments_wallet","TaxSummary","Street address","Input","src/components/ledger/TaxSummary.tsx","767","executable_or_ui","prior_payments_wallet_54","false","UNTESTED","","","","","",""
"A5-067","payments_wallet","TaxSummary","City","Input","src/components/ledger/TaxSummary.tsx","772","executable_or_ui","prior_payments_wallet_54","false","UNTESTED","","","","","",""
"A5-068","payments_wallet","TaxSummary","State","Input","src/components/ledger/TaxSummary.tsx","776","executable_or_ui","prior_payments_wallet_54","false","UNTESTED","","","","","",""
"A5-069","payments_wallet","TaxSummary","ZIP","Input","src/components/ledger/TaxSummary.tsx","780","executable_or_ui","prior_payments_wallet_54","false","UNTESTED","","","","","",""
"A5-070","payments_wallet","TaxSummary","Account number (optional)","Input","src/components/ledger/TaxSummary.tsx","785","executable_or_ui","prior_payments_wallet_54","false","UNTESTED","","","","","",""
"A5-071","payments_wallet","TaxSummary","Notes (optional)","Input","src/components/ledger/TaxSummary.tsx","789","executable_or_ui","prior_payments_wallet_54","false","UNTESTED","","","","","",""
"A5-072","payments_wallet","TaxSummary","Cancel","Button","src/components/ledger/TaxSummary.tsx","793","executable_or_ui","prior_payments_wallet_54","false","UNTESTED","","","","","",""
"A5-073","payments_wallet","TaxSummary","Saving... / Save","Button","src/components/ledger/TaxSummary.tsx","794","executable_or_ui","prior_payments_wallet_54","false","UNTESTED","","","","","",""
"A5-074","payments_wallet","CashJobCheckUpload","(icon/unlabeled Button)","Button","src/components/cash-jobs/CashJobCheckUpload.tsx","198","executable_or_ui","prior_payments_wallet_54","false","UNTESTED","","","","","",""
"A5-075","payments_wallet","CashJobCheckUpload","Upload check from client","Button","src/components/cash-jobs/CashJobCheckUpload.tsx","215","executable_or_ui","prior_payments_wallet_54","false","UNTESTED","","","","","",""
"A5-076","payments_wallet","CashJobCheckUpload","(icon/unlabeled Button)","Button","src/components/cash-jobs/CashJobCheckUpload.tsx","229","executable_or_ui","prior_payments_wallet_54","false","UNTESTED","","","","","",""
"A5-077","payments_wallet","CashJobCheckUpload","Payment type","Select","src/components/cash-jobs/CashJobCheckUpload.tsx","240","executable_or_ui","prior_payments_wallet_54","false","UNTESTED","","","","","",""
"A5-078","payments_wallet","CashJobCheckUpload","Front of check *","Button","src/components/cash-jobs/CashJobCheckUpload.tsx","270","executable_or_ui","prior_payments_wallet_54","false","UNTESTED","","","","","",""
"A5-079","payments_wallet","CashJobCheckUpload","(unlabeled input)","Input(file)","src/components/cash-jobs/CashJobCheckUpload.tsx","283","executable_or_ui","prior_payments_wallet_54","false","UNTESTED","","","","","",""
"A5-080","payments_wallet","CashJobCheckUpload","Back of check (optional)","Button","src/components/cash-jobs/CashJobCheckUpload.tsx","303","executable_or_ui","prior_payments_wallet_54","false","UNTESTED","","","","","",""
"A5-081","payments_wallet","CashJobCheckUpload","(unlabeled input)","Input(file)","src/components/cash-jobs/CashJobCheckUpload.tsx","316","executable_or_ui","prior_payments_wallet_54","false","UNTESTED","","","","","",""
"A5-082","payments_wallet","CashJobCheckUpload","(icon/unlabeled Button)","Button","src/components/cash-jobs/CashJobCheckUpload.tsx","325","executable_or_ui","prior_payments_wallet_54","false","UNTESTED","","","","","",""
"A5-083","payments_wallet","CashJobDetail","Back","Button","src/components/cash-jobs/CashJobDetail.tsx","149","executable_or_ui","prior_payments_wallet_54","false","UNTESTED","","","","","",""
"A5-084","payments_wallet","CashJobDetail","Edit","Button","src/components/cash-jobs/CashJobDetail.tsx","154","executable_or_ui","prior_payments_wallet_54","false","UNTESTED","","","","","",""
"A5-085","payments_wallet","CashJobDetail","(link)","Link","src/components/cash-jobs/CashJobDetail.tsx","175","executable_or_ui","prior_payments_wallet_54","false","UNTESTED","","","","","",""
"A5-086","payments_wallet","CashJobDetail","(link)","Link","src/components/cash-jobs/CashJobDetail.tsx","180","executable_or_ui","prior_payments_wallet_54","false","UNTESTED","","","","","",""
"A5-087","payments_wallet","CashJobDetail","Record payment","Button","src/components/cash-jobs/CashJobDetail.tsx","271","executable_or_ui","prior_payments_wallet_54","false","UNTESTED","","","","","",""
"A5-088","payments_wallet","CashJobDetail","Amount ($)","Input(number)","src/components/cash-jobs/CashJobDetail.tsx","296","executable_or_ui","prior_payments_wallet_54","false","UNTESTED","","","","","",""
"A5-089","payments_wallet","CashJobDetail","Payment method","Select","src/components/cash-jobs/CashJobDetail.tsx","301","executable_or_ui","prior_payments_wallet_54","false","UNTESTED","","","","","",""
"A5-090","payments_wallet","CashJobDetail","Payment date","Input(date)","src/components/cash-jobs/CashJobDetail.tsx","311","executable_or_ui","prior_payments_wallet_54","false","UNTESTED","","","","","",""
"A5-091","payments_wallet","CashJobDetail","Reference # (optional)","Input","src/components/cash-jobs/CashJobDetail.tsx","315","executable_or_ui","prior_payments_wallet_54","false","UNTESTED","","","","","",""
"A5-092","payments_wallet","CashJobDetail","Notes (optional)","Input","src/components/cash-jobs/CashJobDetail.tsx","319","executable_or_ui","prior_payments_wallet_54","false","UNTESTED","","","","","",""
"A5-093","payments_wallet","CashJobDetail","Saving... / Record payment","Button","src/components/cash-jobs/CashJobDetail.tsx","323","executable_or_ui","prior_payments_wallet_54","false","UNTESTED","","","","","",""
"A5-094","payments_wallet","CashJobDetail","Cancel","Button","src/components/cash-jobs/CashJobDetail.tsx","326","executable_or_ui","prior_payments_wallet_54","false","UNTESTED","","","","","",""
"A5-095","payments_wallet","CashJobDetail","(icon/unlabeled Button)","Button","src/components/cash-jobs/CashJobDetail.tsx","350","executable_or_ui","prior_payments_wallet_54","false","UNTESTED","","","","","",""
"A5-096","payments_wallet","CashJobForm","Back","Button","src/components/cash-jobs/CashJobForm.tsx","147","executable_or_ui","prior_payments_wallet_54","false","UNTESTED","","","","","",""
"A5-097","payments_wallet","CashJobForm","Job name *","Input","src/components/cash-jobs/CashJobForm.tsx","161","executable_or_ui","prior_payments_wallet_54","false","UNTESTED","","","","","",""
"A5-098","payments_wallet","CashJobForm","Work type","Select","src/components/cash-jobs/CashJobForm.tsx","166","executable_or_ui","prior_payments_wallet_54","false","UNTESTED","","","","","",""
"A5-099","payments_wallet","CashJobForm","Contract amount ($)","Input(number)","src/components/cash-jobs/CashJobForm.tsx","174","executable_or_ui","prior_payments_wallet_54","false","UNTESTED","","","","","",""
"A5-100","payments_wallet","CashJobForm","Estimate date","Input(date)","src/components/cash-jobs/CashJobForm.tsx","182","executable_or_ui","prior_payments_wallet_54","false","UNTESTED","","","","","",""
"A5-101","payments_wallet","CashJobForm","Start date","Input(date)","src/components/cash-jobs/CashJobForm.tsx","186","executable_or_ui","prior_payments_wallet_54","false","UNTESTED","","","","","",""
"A5-102","payments_wallet","CashJobForm","Completion date","Input(date)","src/components/cash-jobs/CashJobForm.tsx","190","executable_or_ui","prior_payments_wallet_54","false","UNTESTED","","","","","",""
"A5-103","payments_wallet","CashJobForm","Description","Textarea","src/components/cash-jobs/CashJobForm.tsx","196","executable_or_ui","prior_payments_wallet_54","false","UNTESTED","","","","","",""
"A5-104","payments_wallet","CashJobForm","Customer name *","Input","src/components/cash-jobs/CashJobForm.tsx","208","executable_or_ui","prior_payments_wallet_54","false","UNTESTED","","","","","",""
"A5-105","payments_wallet","CashJobForm","Phone","Input","src/components/cash-jobs/CashJobForm.tsx","212","executable_or_ui","prior_payments_wallet_54","false","UNTESTED","","","","","",""
"A5-106","payments_wallet","CashJobForm","Email","Input(email)","src/components/cash-jobs/CashJobForm.tsx","216","executable_or_ui","prior_payments_wallet_54","false","UNTESTED","","","","","",""
"A5-107","payments_wallet","CashJobForm","Property address","Input","src/components/cash-jobs/CashJobForm.tsx","220","executable_or_ui","prior_payments_wallet_54","false","UNTESTED","","","","","",""
"A5-108","payments_wallet","CashJobForm","City","Input","src/components/cash-jobs/CashJobForm.tsx","224","executable_or_ui","prior_payments_wallet_54","false","UNTESTED","","","","","",""
"A5-109","payments_wallet","CashJobForm","State","Input","src/components/cash-jobs/CashJobForm.tsx","229","executable_or_ui","prior_payments_wallet_54","false","UNTESTED","","","","","",""
"A5-110","payments_wallet","CashJobForm","ZIP","Input","src/components/cash-jobs/CashJobForm.tsx","233","executable_or_ui","prior_payments_wallet_54","false","UNTESTED","","","","","",""
"A5-111","payments_wallet","CashJobForm","Add line","Button","src/components/cash-jobs/CashJobForm.tsx","245","executable_or_ui","prior_payments_wallet_54","false","UNTESTED","","","","","",""
"A5-112","payments_wallet","CashJobForm","Description","Input","src/components/cash-jobs/CashJobForm.tsx","254","executable_or_ui","prior_payments_wallet_54","false","UNTESTED","","","","","",""
"A5-113","payments_wallet","CashJobForm","Qty","Input(number)","src/components/cash-jobs/CashJobForm.tsx","260","executable_or_ui","prior_payments_wallet_54","false","UNTESTED","","","","","",""
"A5-114","payments_wallet","CashJobForm","Unit $","Input(number)","src/components/cash-jobs/CashJobForm.tsx","267","executable_or_ui","prior_payments_wallet_54","false","UNTESTED","","","","","",""
"A5-115","payments_wallet","CashJobForm","(icon/unlabeled Button)","Button","src/components/cash-jobs/CashJobForm.tsx","278","executable_or_ui","prior_payments_wallet_54","false","UNTESTED","","","","","",""
"A5-116","payments_wallet","CashJobForm","Notes","Textarea","src/components/cash-jobs/CashJobForm.tsx","297","executable_or_ui","prior_payments_wallet_54","false","UNTESTED","","","","","",""
"A5-117","payments_wallet","CashJobForm","Saving... / Save job","Button","src/components/cash-jobs/CashJobForm.tsx","303","executable_or_ui","prior_payments_wallet_54","false","UNTESTED","","","","","",""
"A5-118","payments_wallet","CashJobForm","Cancel","Button","src/components/cash-jobs/CashJobForm.tsx","307","executable_or_ui","prior_payments_wallet_54","false","UNTESTED","","","","","",""
"A5-119","payments_wallet","CashJobsPage","New job","Button","src/components/cash-jobs/CashJobsPage.tsx","121","executable_or_ui","prior_payments_wallet_54","false","PASS","","FUNCTIONAL_E2E_AUDIT_2026-09-11.md Pass 2","2","c1c_admin","/c1c/cash-jobs","list opened"
"A5-120","payments_wallet","CashJobsPage","Search customer, job, address...","Input","src/components/cash-jobs/CashJobsPage.tsx","162","executable_or_ui","prior_payments_wallet_54","false","PASS","","FUNCTIONAL_E2E_AUDIT_2026-09-11.md Pass 2","2","c1c_admin","/c1c/cash-jobs","list opened"
"A5-121","payments_wallet","CashJobsPage","(Select)","Select","src/components/cash-jobs/CashJobsPage.tsx","170","executable_or_ui","prior_payments_wallet_54","false","PASS","","FUNCTIONAL_E2E_AUDIT_2026-09-11.md Pass 2","2","c1c_admin","/c1c/cash-jobs","list opened"
"A5-122","payments_wallet","CashJobsPage","Add your first job","Button","src/components/cash-jobs/CashJobsPage.tsx","187","executable_or_ui","prior_payments_wallet_54","false","PASS","","FUNCTIONAL_E2E_AUDIT_2026-09-11.md Pass 2","2","c1c_admin","/c1c/cash-jobs","list opened"
"A5-123","payments_wallet","AchAuthorizationForm","Revoke","Button","src/components/disbursement/AchAuthorizationForm.tsx","123","provider_blocked","prior_payments_wallet_54","false","UNTESTED","","","","","",""
"A5-124","payments_wallet","AchAuthorizationForm","Sign & Authorize ACH","Button","src/components/disbursement/AchAuthorizationForm.tsx","161","provider_blocked","prior_payments_wallet_54","false","UNTESTED","","","","","",""
"A5-125","payments_wallet","AddExternalStakeholderDialog","(unlabeled input)","Input","src/components/disbursement/AddExternalStakeholderDialog.tsx","176","provider_blocked","prior_payments_wallet_54","false","UNTESTED","","","","","",""
"A5-126","payments_wallet","AddExternalStakeholderDialog","(icon/unlabeled Button)","Button","src/components/disbursement/AddExternalStakeholderDialog.tsx","177","provider_blocked","prior_payments_wallet_54","false","UNTESTED","","","","","",""
"A5-127","payments_wallet","AddExternalStakeholderDialog","Name","Input","src/components/disbursement/AddExternalStakeholderDialog.tsx","190","provider_blocked","prior_payments_wallet_54","false","UNTESTED","","","","","",""
"A5-128","payments_wallet","AddExternalStakeholderDialog","Recipient is","Select","src/components/disbursement/AddExternalStakeholderDialog.tsx","196","provider_blocked","prior_payments_wallet_54","false","UNTESTED","","","","","",""
"A5-129","payments_wallet","AddExternalStakeholderDialog","Role on check","Select","src/components/disbursement/AddExternalStakeholderDialog.tsx","206","provider_blocked","prior_payments_wallet_54","false","UNTESTED","","","","","",""
"A5-130","payments_wallet","AddExternalStakeholderDialog","Email (sends the verification link)","Input(email)","src/components/disbursement/AddExternalStakeholderDialog.tsx","219","provider_blocked","prior_payments_wallet_54","false","UNTESTED","","","","","",""
"A5-131","payments_wallet","AddExternalStakeholderDialog","Phone (optional)","Input","src/components/disbursement/AddExternalStakeholderDialog.tsx","223","provider_blocked","prior_payments_wallet_54","false","UNTESTED","","","","","",""
"A5-132","payments_wallet","AddExternalStakeholderDialog","Done","Button","src/components/disbursement/AddExternalStakeholderDialog.tsx","230","provider_blocked","prior_payments_wallet_54","false","UNTESTED","","","","","",""
"A5-133","payments_wallet","AddExternalStakeholderDialog","Cancel","Button","src/components/disbursement/AddExternalStakeholderDialog.tsx","233","provider_blocked","prior_payments_wallet_54","false","UNTESTED","","","","","",""
"A5-134","payments_wallet","AddExternalStakeholderDialog","Add & send link","Button","src/components/disbursement/AddExternalStakeholderDialog.tsx","234","email_blocked","prior_payments_wallet_54","false","UNTESTED","","","","","",""
"A5-135","payments_wallet","CheckStakeholdersManager","Bank link","Button","src/components/disbursement/CheckStakeholdersManager.tsx","240","provider_blocked","prior_payments_wallet_54","false","UNTESTED","","","","","",""
"A5-136","payments_wallet","CheckStakeholdersManager","Add","Button","src/components/disbursement/CheckStakeholdersManager.tsx","254","provider_blocked","prior_payments_wallet_54","false","UNTESTED","","","","","",""
"A5-137","payments_wallet","CheckStakeholdersManager","Search stakeholders...","Input","src/components/disbursement/CheckStakeholdersManager.tsx","262","provider_blocked","prior_payments_wallet_54","false","UNTESTED","","","","","",""
"A5-138","payments_wallet","CheckStakeholdersManager","{p.payout_ready ? `Bank approved${p.last_four ? ` · $ ••$ ` : """"}` : ""Bank not verified yet""} Partner","Button","src/components/disbursement/CheckStakeholdersManager.tsx","276","provider_blocked","prior_payments_wallet_54","false","UNTESTED","","","","","",""
"A5-139","payments_wallet","CheckStakeholdersManager","Payment account connected","Button","src/components/disbursement/CheckStakeholdersManager.tsx","312","provider_blocked","prior_payments_wallet_54","false","UNTESTED","","","","","",""
"A5-140","payments_wallet","CheckStakeholdersManager","Add someone new","Button","src/components/disbursement/CheckStakeholdersManager.tsx","338","provider_blocked","prior_payments_wallet_54","false","UNTESTED","","","","","",""
"A5-141","payments_wallet","CheckStakeholdersManager","Enable payouts","Button","src/components/disbursement/CheckStakeholdersManager.tsx","409","provider_blocked","prior_payments_wallet_54","false","UNTESTED","","","","","",""
"A5-142","payments_wallet","CheckStakeholdersManager","(icon/unlabeled Button)","Button","src/components/disbursement/CheckStakeholdersManager.tsx","423","provider_blocked","prior_payments_wallet_54","false","UNTESTED","","","","","",""
"A5-143","payments_wallet","DisbursementConsole","Switch to $ / Switch to %","Button","src/components/disbursement/DisbursementConsole.tsx","491","provider_blocked","prior_payments_wallet_54","false","UNTESTED","","","","","",""
"A5-146","payments_wallet","DisbursementConsole","Allocation amount","Input(number)","src/components/disbursement/DisbursementConsole.tsx","709","provider_blocked","prior_payments_wallet_54","false","UNTESTED","","","","","",""
"A5-147","payments_wallet","DisbursementConsole","Admin override: send anyway. This is audit-logged against your user and the affected accounts.","Checkbox","src/components/disbursement/DisbursementConsole.tsx","757","provider_blocked","prior_payments_wallet_54","false","UNTESTED","","","","","",""
"A5-148","payments_wallet","DisbursementConsole","Send $N / Verify accounts to send / Funds available in ~Xh / Submitting...","Button","src/components/disbursement/DisbursementConsole.tsx","808","provider_blocked","prior_payments_wallet_54","false","UNTESTED","","","","","",""
"A5-149","payments_wallet","RequestStakeholderLimitDialog","New cap","Input(number)","src/components/disbursement/RequestStakeholderLimitDialog.tsx","69","provider_blocked","prior_payments_wallet_54","false","UNTESTED","","","","","",""
"A5-150","payments_wallet","RequestStakeholderLimitDialog","Reason (optional)","Textarea","src/components/disbursement/RequestStakeholderLimitDialog.tsx","78","provider_blocked","prior_payments_wallet_54","false","UNTESTED","","","","","",""
"A5-151","payments_wallet","RequestStakeholderLimitDialog","Cancel","Button","src/components/disbursement/RequestStakeholderLimitDialog.tsx","87","provider_blocked","prior_payments_wallet_54","false","UNTESTED","","","","","",""
"A5-152","payments_wallet","RequestStakeholderLimitDialog","Submit request","Button","src/components/disbursement/RequestStakeholderLimitDialog.tsx","88","provider_blocked","prior_payments_wallet_54","false","UNTESTED","","","","","",""
"A5-153","payments_wallet","SendHomeownerBankLinkDialog","Attach to","Radio","src/components/disbursement/SendHomeownerBankLinkDialog.tsx","86","provider_blocked","prior_payments_wallet_54","false","UNTESTED","","","","","",""
"A5-154","payments_wallet","SendHomeownerBankLinkDialog","Just this check","Radio","src/components/disbursement/SendHomeownerBankLinkDialog.tsx","90","provider_blocked","prior_payments_wallet_54","false","UNTESTED","","","","","",""
"A5-155","payments_wallet","SendHomeownerBankLinkDialog","Homeowner name","Input","src/components/disbursement/SendHomeownerBankLinkDialog.tsx","100","provider_blocked","prior_payments_wallet_54","false","UNTESTED","","","","","",""
"A5-156","payments_wallet","SendHomeownerBankLinkDialog","Homeowner email","Input(email)","src/components/disbursement/SendHomeownerBankLinkDialog.tsx","104","provider_blocked","prior_payments_wallet_54","false","UNTESTED","","","","","",""
"A5-157","payments_wallet","SendHomeownerBankLinkDialog","Cancel","Button","src/components/disbursement/SendHomeownerBankLinkDialog.tsx","109","provider_blocked","prior_payments_wallet_54","false","UNTESTED","","","","","",""
"A5-158","payments_wallet","SendHomeownerBankLinkDialog","Send link","Button","src/components/disbursement/SendHomeownerBankLinkDialog.tsx","110","email_blocked","prior_payments_wallet_54","false","UNTESTED","","","","","",""
"A5-159","payments_wallet","StakeholderAccountSettings","Nickname","Input","src/components/disbursement/StakeholderAccountSettings.tsx","355","provider_blocked","prior_payments_wallet_54","false","UNTESTED","","","","","",""
"A5-160","payments_wallet","StakeholderAccountSettings","Type","Select","src/components/disbursement/StakeholderAccountSettings.tsx","369","provider_blocked","prior_payments_wallet_54","false","UNTESTED","","","","","",""
"A5-161","payments_wallet","StakeholderAccountSettings","Account holder name","Input","src/components/disbursement/StakeholderAccountSettings.tsx","382","provider_blocked","prior_payments_wallet_54","false","UNTESTED","","","","","",""
"A5-162","payments_wallet","StakeholderAccountSettings","Account type","Select","src/components/disbursement/StakeholderAccountSettings.tsx","387","provider_blocked","prior_payments_wallet_54","false","UNTESTED","","","","","",""
"A5-163","payments_wallet","StakeholderAccountSettings","Account type","Switch","src/components/disbursement/StakeholderAccountSettings.tsx","395","provider_blocked","prior_payments_wallet_54","false","UNTESTED","","","","","",""
"A5-164","payments_wallet","StakeholderAccountSettings","Set as primary account","Switch","src/components/disbursement/StakeholderAccountSettings.tsx","408","provider_blocked","prior_payments_wallet_54","false","UNTESTED","","","","","",""
"A5-165","payments_wallet","StakeholderAccountSettings","Account holder's email","Input(email)","src/components/disbursement/StakeholderAccountSettings.tsx","418","provider_blocked","prior_payments_wallet_54","false","UNTESTED","","","","","",""
"A5-166","payments_wallet","StakeholderAccountSettings","email / Send link / Continue to bank login","Button","src/components/disbursement/StakeholderAccountSettings.tsx","438","email_blocked","prior_payments_wallet_54","false","UNTESTED","","","","","",""
"A5-167","payments_wallet","StakeholderAccountSettings","Cancel","Button","src/components/disbursement/StakeholderAccountSettings.tsx","463","provider_blocked","prior_payments_wallet_54","false","UNTESTED","","","","","",""
"A5-168","payments_wallet","StakeholderAccountSettings","Resend","Button","src/components/disbursement/StakeholderAccountSettings.tsx","516","provider_blocked","prior_payments_wallet_54","false","UNTESTED","","","","","",""
"A5-169","payments_wallet","StakeholderAccountSettings","Override","Button","src/components/disbursement/StakeholderAccountSettings.tsx","527","provider_blocked","prior_payments_wallet_54","false","UNTESTED","","","","","",""
"A5-170","payments_wallet","StakeholderAccountSettings","Send terms link","Button","src/components/disbursement/StakeholderAccountSettings.tsx","539","provider_blocked","prior_payments_wallet_54","false","UNTESTED","","","","","",""
"A5-171","payments_wallet","StakeholderAccountSettings","(icon/unlabeled Button)","Button","src/components/disbursement/StakeholderAccountSettings.tsx","550","provider_blocked","prior_payments_wallet_54","false","UNTESTED","","","","","",""
"A5-172","payments_wallet","StakeholderAccountSettings","Close","Button","src/components/disbursement/StakeholderAccountSettings.tsx","600","provider_blocked","prior_payments_wallet_54","false","UNTESTED","","","","","",""
"A5-173","payments_wallet","StakeholderAccountSettings","Also disconnect their payment account","Switch","src/components/disbursement/StakeholderAccountSettings.tsx","614","provider_blocked","prior_payments_wallet_54","false","UNTESTED","","","","","",""
"A5-174","payments_wallet","StakeholderAccountSettings","Cancel","Button","src/components/disbursement/StakeholderAccountSettings.tsx","630","provider_blocked","prior_payments_wallet_54","false","UNTESTED","","","","","",""
"A5-175","payments_wallet","StakeholderAccountSettings","Remove","Button","src/components/disbursement/StakeholderAccountSettings.tsx","631","provider_blocked","prior_payments_wallet_54","false","UNTESTED","","","","","",""
"A5-176","payments_wallet","TenantStakeholderLimitRequests","Pending","Tab","src/components/disbursement/TenantStakeholderLimitRequests.tsx","122","provider_blocked","prior_payments_wallet_54","false","UNTESTED","","","","","",""
"A5-177","payments_wallet","TenantStakeholderLimitRequests","Reviewed","Tab","src/components/disbursement/TenantStakeholderLimitRequests.tsx","123","provider_blocked","prior_payments_wallet_54","false","UNTESTED","","","","","",""
"A5-178","payments_wallet","TenantStakeholderLimitRequests","Approve","Button","src/components/disbursement/TenantStakeholderLimitRequests.tsx","155","provider_blocked","prior_payments_wallet_54","false","UNTESTED","","","","","",""
"A5-179","payments_wallet","TenantStakeholderLimitRequests","Deny","Button","src/components/disbursement/TenantStakeholderLimitRequests.tsx","158","provider_blocked","prior_payments_wallet_54","false","UNTESTED","","","","","",""
"A5-180","payments_wallet","TenantStakeholderLimitRequests","(unlabeled input)","Input(number)","src/components/disbursement/TenantStakeholderLimitRequests.tsx","201","provider_blocked","prior_payments_wallet_54","false","UNTESTED","","","","","",""
"A5-181","payments_wallet","TenantStakeholderLimitRequests","(unlabeled textarea)","Textarea","src/components/disbursement/TenantStakeholderLimitRequests.tsx","206","provider_blocked","prior_payments_wallet_54","false","UNTESTED","","","","","",""
"A5-182","payments_wallet","TenantStakeholderLimitRequests","Cancel","Button","src/components/disbursement/TenantStakeholderLimitRequests.tsx","211","provider_blocked","prior_payments_wallet_54","false","UNTESTED","","","","","",""
"A5-183","payments_wallet","TenantStakeholderLimitRequests","Confirm","Button","src/components/disbursement/TenantStakeholderLimitRequests.tsx","212","provider_blocked","prior_payments_wallet_54","false","UNTESTED","","","","","",""
"A5-184","payments_wallet","AutoFundingPanel","(unlabeled switch)","Switch","src/components/payments/AutoFundingPanel.tsx","162","executable_or_ui","prior_payments_wallet_54","false","UNTESTED","","","","","",""
"A5-185","payments_wallet","AutoFundingPanel","Accept and save","Button","src/components/payments/AutoFundingPanel.tsx","185","executable_or_ui","prior_payments_wallet_54","false","UNTESTED","","","","","",""
"A5-186","payments_wallet","AutoFundingPanel","Funding bank account","Select","src/components/payments/AutoFundingPanel.tsx","204","executable_or_ui","prior_payments_wallet_54","false","UNTESTED","","","","","",""
"A5-187","payments_wallet","AutoFundingPanel","Funding strategy","Select","src/components/payments/AutoFundingPanel.tsx","224","executable_or_ui","prior_payments_wallet_54","false","UNTESTED","","","","","",""
"A5-188","payments_wallet","AutoFundingPanel","Target wallet balance","Input","src/components/payments/AutoFundingPanel.tsx","241","executable_or_ui","prior_payments_wallet_54","false","UNTESTED","","","","","",""
"A5-189","payments_wallet","AutoFundingPanel","Maximum single transfer","Input","src/components/payments/AutoFundingPanel.tsx","247","executable_or_ui","prior_payments_wallet_54","false","UNTESTED","","","","","",""
"A5-190","payments_wallet","AutoFundingPanel","Maximum per day","Input","src/components/payments/AutoFundingPanel.tsx","252","executable_or_ui","prior_payments_wallet_54","false","UNTESTED","","","","","",""
"A5-191","payments_wallet","AutoFundingPanel","Save funding settings","Button","src/components/payments/AutoFundingPanel.tsx","256","executable_or_ui","prior_payments_wallet_54","false","BLOCKED","Save funding settings would persist banking config","","3","c1c_admin","/c1c/wallet-ops","visible behind dialog; not clicked"
"A5-192","payments_wallet","AutoFundingPanel","One-time transfer from your bank","Input","src/components/payments/AutoFundingPanel.tsx","280","executable_or_ui","prior_payments_wallet_54","false","UNTESTED","","","","","",""
"A5-193","payments_wallet","AutoFundingPanel","Transfer to wallet","Button","src/components/payments/AutoFundingPanel.tsx","288","executable_or_ui","prior_payments_wallet_54","false","BLOCKED","Transfer to wallet would move money","","3","c1c_admin","/c1c/wallet-ops","not clicked"
"A5-194","payments_wallet","AutoFundingPanel","Cancel","Button","src/components/payments/AutoFundingPanel.tsx","311","executable_or_ui","prior_payments_wallet_54","false","UNTESTED","","","","","",""
"A5-195","payments_wallet","ClaimLedgerCard","Claim number","Input","src/components/payments/ClaimLedgerCard.tsx","223","executable_or_ui","prior_payments_wallet_54","false","UNTESTED","","","","","",""
"A5-196","payments_wallet","ClaimLedgerCard","Linking... / Link","Button","src/components/payments/ClaimLedgerCard.tsx","229","executable_or_ui","prior_payments_wallet_54","false","UNTESTED","","","","","",""
"A5-197","payments_wallet","ClaimLedgerCard","Change","Button","src/components/payments/ClaimLedgerCard.tsx","352","executable_or_ui","prior_payments_wallet_54","false","UNTESTED","","","","","",""
"A5-198","payments_wallet","ClaimLedgerCard","Re-link to a different claim number","Input","src/components/payments/ClaimLedgerCard.tsx","369","executable_or_ui","prior_payments_wallet_54","false","UNTESTED","","","","","",""
"A5-199","payments_wallet","ClaimLedgerCard","Saving... / Save","Button","src/components/payments/ClaimLedgerCard.tsx","375","executable_or_ui","prior_payments_wallet_54","false","UNTESTED","","","","","",""
"A5-200","payments_wallet","ClaimLedgerCard","Edit amounts / Enter amounts","Button","src/components/payments/ClaimLedgerCard.tsx","416","executable_or_ui","prior_payments_wallet_54","false","UNTESTED","","","","","",""
"A5-201","payments_wallet","ClaimSettlementEditor","(tab)","Tab","src/components/payments/ClaimSettlementEditor.tsx","135","executable_or_ui","prior_payments_wallet_54","false","UNTESTED","","","","","",""
"A5-202","payments_wallet","ClaimSettlementEditor","Cancel","Button","src/components/payments/ClaimSettlementEditor.tsx","166","executable_or_ui","prior_payments_wallet_54","false","UNTESTED","","","","","",""
"A5-203","payments_wallet","ClaimSettlementEditor","Saving... / Save All Categories","Button","src/components/payments/ClaimSettlementEditor.tsx","167","executable_or_ui","prior_payments_wallet_54","false","UNTESTED","","","","","",""
"A5-204","payments_wallet","ClaimSettlementEditor","(unlabeled input)","Input(number)","src/components/payments/ClaimSettlementEditor.tsx","180","executable_or_ui","prior_payments_wallet_54","false","UNTESTED","","","","","",""
"A5-205","payments_wallet","FundsTab","%","Button","src/components/payments/FundsTab.tsx","371","executable_or_ui","prior_payments_wallet_54","false","UNTESTED","","","","","",""
"A5-206","payments_wallet","FundsTab","$","Button","src/components/payments/FundsTab.tsx","372","executable_or_ui","prior_payments_wallet_54","false","UNTESTED","","","","","",""
"A5-207","payments_wallet","FundsTab","Public adjuster fee (optional)","Input(number)","src/components/payments/FundsTab.tsx","377","executable_or_ui","prior_payments_wallet_54","false","UNTESTED","","","","","",""
"A5-208","payments_wallet","FundsTab","$ amount","Input(number)","src/components/payments/FundsTab.tsx","379","executable_or_ui","prior_payments_wallet_54","false","UNTESTED","","","","","",""
"A5-209","payments_wallet","FundsTab","Save","Button","src/components/payments/FundsTab.tsx","381","executable_or_ui","prior_payments_wallet_54","false","UNTESTED","","","","","",""
"A5-210","payments_wallet","FundsTab","Send Homeowner Payment Link","Button","src/components/payments/FundsTab.tsx","431","executable_or_ui","prior_payments_wallet_54","false","UNTESTED","","","","","",""
"A5-211","payments_wallet","FundsTab","Resending… / Resend Payment Link","Button","src/components/payments/FundsTab.tsx","436","provider_blocked","prior_payments_wallet_54","false","UNTESTED","","","","","",""
"A5-212","payments_wallet","FundsTab","Disburse to Stakeholders","Button","src/components/payments/FundsTab.tsx","478","provider_blocked","prior_payments_wallet_54","false","UNTESTED","","","","","",""
"A5-213","payments_wallet","FundsTab","Disburse Outside ChecksOps","Button","src/components/payments/FundsTab.tsx","486","provider_blocked","prior_payments_wallet_54","false","UNTESTED","","","","","",""
"A5-214","payments_wallet","FundsTab","Cancel","Button","src/components/payments/FundsTab.tsx","513","executable_or_ui","prior_payments_wallet_54","false","UNTESTED","","","","","",""
"A5-215","payments_wallet","FundsTab","Cancel","Button","src/components/payments/FundsTab.tsx","545","executable_or_ui","prior_payments_wallet_54","false","UNTESTED","","","","","",""
"A5-216","payments_wallet","FundsTab","Recurring recipient (optional)","Select","src/components/payments/FundsTab.tsx","567","executable_or_ui","prior_payments_wallet_54","false","UNTESTED","","","","","",""
"A5-217","payments_wallet","FundsTab","Recipient","Input","src/components/payments/FundsTab.tsx","584","executable_or_ui","prior_payments_wallet_54","false","UNTESTED","","","","","",""
"A5-218","payments_wallet","FundsTab","Type","Select(native)","src/components/payments/FundsTab.tsx","588","executable_or_ui","prior_payments_wallet_54","false","UNTESTED","","","","","",""
"A5-219","payments_wallet","FundsTab","Check #","Input","src/components/payments/FundsTab.tsx","608","executable_or_ui","prior_payments_wallet_54","false","UNTESTED","","","","","",""
"A5-220","payments_wallet","FundsTab","Amount","Input(number)","src/components/payments/FundsTab.tsx","612","executable_or_ui","prior_payments_wallet_54","false","UNTESTED","","","","","",""
"A5-221","payments_wallet","FundsTab","Notes (optional)","Input","src/components/payments/FundsTab.tsx","617","executable_or_ui","prior_payments_wallet_54","false","UNTESTED","","","","","",""
"A5-222","payments_wallet","FundsTab","Recording... / Record Payment","Button","src/components/payments/FundsTab.tsx","620","executable_or_ui","prior_payments_wallet_54","false","UNTESTED","","","","","",""
"A5-223","payments_wallet","MicroDepositVerification","Restart verification","Button","src/components/payments/MicroDepositVerification.tsx","187","executable_or_ui","prior_payments_wallet_54","false","UNTESTED","","","","","",""
"A5-224","payments_wallet","MicroDepositVerification","4-digit code","Input(text)","src/components/payments/MicroDepositVerification.tsx","218","executable_or_ui","prior_payments_wallet_54","false","UNTESTED","","","","","",""
"A5-225","payments_wallet","MicroDepositVerification","Confirm code","Button","src/components/payments/MicroDepositVerification.tsx","229","executable_or_ui","prior_payments_wallet_54","false","UNTESTED","","","","","",""
"A5-226","payments_wallet","MicroDepositVerification","Restart verification","Button","src/components/payments/MicroDepositVerification.tsx","238","executable_or_ui","prior_payments_wallet_54","false","UNTESTED","","","","","",""
"A5-227","payments_wallet","MicroDepositVerification","Verify with instant micro-deposit","Button","src/components/payments/MicroDepositVerification.tsx","254","provider_blocked","prior_payments_wallet_54","false","UNTESTED","","","","","",""
"A5-228","payments_wallet","MoovBankLink","Account holder name","Input","src/components/payments/MoovBankLink.tsx","91","provider_blocked","prior_payments_wallet_54","false","UNTESTED","","","","","",""
"A5-229","payments_wallet","MoovBankLink","Holder type","Select","src/components/payments/MoovBankLink.tsx","103","provider_blocked","prior_payments_wallet_54","false","UNTESTED","","","","","",""
"A5-230","payments_wallet","MoovBankLink","Account type","Select","src/components/payments/MoovBankLink.tsx","114","provider_blocked","prior_payments_wallet_54","false","UNTESTED","","","","","",""
"A5-231","payments_wallet","MoovBankLink","Routing number","Input","src/components/payments/MoovBankLink.tsx","124","provider_blocked","prior_payments_wallet_54","false","UNTESTED","","","","","",""
"A5-232","payments_wallet","MoovBankLink","Account number","Input","src/components/payments/MoovBankLink.tsx","136","provider_blocked","prior_payments_wallet_54","false","UNTESTED","","","","","",""
"A5-233","payments_wallet","MoovBankLink","Cancel","Button","src/components/payments/MoovBankLink.tsx","154","provider_blocked","prior_payments_wallet_54","false","UNTESTED","","","","","",""
"A5-234","payments_wallet","MoovBankLink","Connect bank","Button","src/components/payments/MoovBankLink.tsx","157","provider_blocked","prior_payments_wallet_54","false","UNTESTED","","","","","",""
"A5-235","payments_wallet","MoovTreasuryPanel","Refresh","Button","src/components/payments/MoovTreasuryPanel.tsx","135","provider_blocked","prior_payments_wallet_54","false","UNTESTED","","","","","",""
"A5-236","payments_wallet","MoovTreasuryPanel","Payout speed","Select","src/components/payments/MoovTreasuryPanel.tsx","205","provider_blocked","prior_payments_wallet_54","false","UNTESTED","","","","","",""
"A5-237","payments_wallet","MoovTreasuryPanel","Minimum balance to keep","Input","src/components/payments/MoovTreasuryPanel.tsx","223","provider_blocked","prior_payments_wallet_54","false","UNTESTED","","","","","",""
"A5-238","payments_wallet","MoovTreasuryPanel","Bank statement description","Input","src/components/payments/MoovTreasuryPanel.tsx","237","provider_blocked","prior_payments_wallet_54","false","UNTESTED","","","","","",""
"A5-239","payments_wallet","MoovTreasuryPanel","Save changes / Turn on daily payouts","Button","src/components/payments/MoovTreasuryPanel.tsx","252","provider_blocked","prior_payments_wallet_54","false","UNTESTED","","","","","",""
"A5-240","payments_wallet","MoovTreasuryPanel","Turn off","Button","src/components/payments/MoovTreasuryPanel.tsx","257","provider_blocked","prior_payments_wallet_54","false","UNTESTED","","","","","",""
"A5-241","payments_wallet","PaymentAccountPanel","Open payment account setup","Link","src/components/payments/PaymentAccountPanel.tsx","221","provider_blocked","prior_payments_wallet_54","false","UNTESTED","","","","","",""
"A5-242","payments_wallet","PaymentAccountPanel","(icon/unlabeled Button)","Button","src/components/payments/PaymentAccountPanel.tsx","239","executable_or_ui","prior_payments_wallet_54","false","UNTESTED","","","","","",""
"A5-243","payments_wallet","PaymentAccountPanel","setup / additional_information_required / restricted","Button","src/components/payments/PaymentAccountPanel.tsx","254","executable_or_ui","prior_payments_wallet_54","false","UNTESTED","","","","","",""
"A5-244","payments_wallet","PaymentAccountPanel","Connect Bank","Button","src/components/payments/PaymentAccountPanel.tsx","267","provider_blocked","prior_payments_wallet_54","false","UNTESTED","","","","","",""
"A5-245","payments_wallet","PaymentAccountPanel","sync","Button","src/components/payments/PaymentAccountPanel.tsx","277","executable_or_ui","prior_payments_wallet_54","false","UNTESTED","","","","","",""
"A5-246","payments_wallet","PaymentOnboardingDialog","Street address","Input","src/components/payments/PaymentOnboardingDialog.tsx","85","executable_or_ui","prior_payments_wallet_54","false","UNTESTED","","","","","",""
"A5-247","payments_wallet","PaymentOnboardingDialog","Suite (optional)","Input","src/components/payments/PaymentOnboardingDialog.tsx","89","executable_or_ui","prior_payments_wallet_54","false","UNTESTED","","","","","",""
"A5-248","payments_wallet","PaymentOnboardingDialog","City","Input","src/components/payments/PaymentOnboardingDialog.tsx","93","executable_or_ui","prior_payments_wallet_54","false","UNTESTED","","","","","",""
"A5-249","payments_wallet","PaymentOnboardingDialog","State","Input","src/components/payments/PaymentOnboardingDialog.tsx","97","executable_or_ui","prior_payments_wallet_54","false","UNTESTED","","","","","",""
"A5-250","payments_wallet","PaymentOnboardingDialog","ZIP","Input","src/components/payments/PaymentOnboardingDialog.tsx","101","executable_or_ui","prior_payments_wallet_54","false","UNTESTED","","","","","",""
"A5-251","payments_wallet","PaymentOnboardingDialog","Legal business name","Input","src/components/payments/PaymentOnboardingDialog.tsx","277","executable_or_ui","prior_payments_wallet_54","false","UNTESTED","","","","","",""
"A5-252","payments_wallet","PaymentOnboardingDialog","Doing business as (optional)","Input","src/components/payments/PaymentOnboardingDialog.tsx","281","executable_or_ui","prior_payments_wallet_54","false","UNTESTED","","","","","",""
"A5-253","payments_wallet","PaymentOnboardingDialog","Business type","Select","src/components/payments/PaymentOnboardingDialog.tsx","286","executable_or_ui","prior_payments_wallet_54","false","UNTESTED","","","","","",""
"A5-254","payments_wallet","PaymentOnboardingDialog","EIN (9 digits)","Input","src/components/payments/PaymentOnboardingDialog.tsx","296","executable_or_ui","prior_payments_wallet_54","false","UNTESTED","","","","","",""
"A5-255","payments_wallet","PaymentOnboardingDialog","Business email","Input(email)","src/components/payments/PaymentOnboardingDialog.tsx","300","executable_or_ui","prior_payments_wallet_54","false","UNTESTED","","","","","",""
"A5-256","payments_wallet","PaymentOnboardingDialog","Business phone","Input","src/components/payments/PaymentOnboardingDialog.tsx","304","executable_or_ui","prior_payments_wallet_54","false","UNTESTED","","","","","",""
"A5-257","payments_wallet","PaymentOnboardingDialog","Website","Input","src/components/payments/PaymentOnboardingDialog.tsx","308","executable_or_ui","prior_payments_wallet_54","false","UNTESTED","","","","","",""
"A5-258","payments_wallet","PaymentOnboardingDialog","What the business does (if no website)","Textarea","src/components/payments/PaymentOnboardingDialog.tsx","312","executable_or_ui","prior_payments_wallet_54","false","UNTESTED","","","","","",""
"A5-259","payments_wallet","PaymentOnboardingDialog","Add person","Button","src/components/payments/PaymentOnboardingDialog.tsx","330","executable_or_ui","prior_payments_wallet_54","false","UNTESTED","","","","","",""
"A5-260","payments_wallet","PaymentOnboardingDialog","(icon/unlabeled Button)","Button","src/components/payments/PaymentOnboardingDialog.tsx","348","executable_or_ui","prior_payments_wallet_54","false","UNTESTED","","","","","",""
"A5-261","payments_wallet","PaymentOnboardingDialog","First name","Input","src/components/payments/PaymentOnboardingDialog.tsx","363","executable_or_ui","prior_payments_wallet_54","false","UNTESTED","","","","","",""
"A5-262","payments_wallet","PaymentOnboardingDialog","Last name","Input","src/components/payments/PaymentOnboardingDialog.tsx","367","executable_or_ui","prior_payments_wallet_54","false","UNTESTED","","","","","",""
"A5-263","payments_wallet","PaymentOnboardingDialog","Email","Input(email)","src/components/payments/PaymentOnboardingDialog.tsx","371","executable_or_ui","prior_payments_wallet_54","false","UNTESTED","","","","","",""
"A5-264","payments_wallet","PaymentOnboardingDialog","Phone","Input","src/components/payments/PaymentOnboardingDialog.tsx","375","executable_or_ui","prior_payments_wallet_54","false","UNTESTED","","","","","",""
"A5-265","payments_wallet","PaymentOnboardingDialog","Job title","Input","src/components/payments/PaymentOnboardingDialog.tsx","379","executable_or_ui","prior_payments_wallet_54","false","UNTESTED","","","","","",""
"A5-266","payments_wallet","PaymentOnboardingDialog","Date of birth","Input(date)","src/components/payments/PaymentOnboardingDialog.tsx","383","executable_or_ui","prior_payments_wallet_54","false","UNTESTED","","","","","",""
"A5-267","payments_wallet","PaymentOnboardingDialog","Social Security number","Input","src/components/payments/PaymentOnboardingDialog.tsx","387","executable_or_ui","prior_payments_wallet_54","false","UNTESTED","","","","","",""
"A5-268","payments_wallet","PaymentOnboardingDialog","Ownership %","Input","src/components/payments/PaymentOnboardingDialog.tsx","397","executable_or_ui","prior_payments_wallet_54","false","UNTESTED","","","","","",""
"A5-269","payments_wallet","PaymentOnboardingDialog","Ownership %","Checkbox","src/components/payments/PaymentOnboardingDialog.tsx","414","executable_or_ui","prior_payments_wallet_54","false","UNTESTED","","","","","",""
"A5-270","payments_wallet","PaymentOnboardingDialog","(unlabeled checkbox)","Checkbox","src/components/payments/PaymentOnboardingDialog.tsx","425","executable_or_ui","prior_payments_wallet_54","false","UNTESTED","","","","","",""
"A5-271","payments_wallet","PaymentOnboardingDialog","Cancel","Button","src/components/payments/PaymentOnboardingDialog.tsx","437","executable_or_ui","prior_payments_wallet_54","false","UNTESTED","","","","","",""
"A5-272","payments_wallet","PaymentOnboardingDialog","Submit for verification","Button","src/components/payments/PaymentOnboardingDialog.tsx","440","executable_or_ui","prior_payments_wallet_54","false","UNTESTED","","","","","",""
"A5-273","payments_wallet","PaymentProviderAdmin","Testing… / Run connection test","Button","src/components/payments/PaymentProviderAdmin.tsx","84","executable_or_ui","prior_payments_wallet_54","false","UNTESTED","","","","","",""
"A5-274","payments_wallet","PaymentReadinessPanel","platform agreement","Link","src/components/payments/PaymentReadinessPanel.tsx","191","provider_blocked","prior_payments_wallet_54","false","UNTESTED","","","","","",""
"A5-275","payments_wallet","PaymentReadinessPanel","privacy policy","Link","src/components/payments/PaymentReadinessPanel.tsx","200","provider_blocked","prior_payments_wallet_54","false","UNTESTED","","","","","",""
"A5-276","payments_wallet","PaymentReadinessPanel","Accept terms","Button","src/components/payments/PaymentReadinessPanel.tsx","215","executable_or_ui","prior_payments_wallet_54","false","UNTESTED","","","","","",""
"A5-277","payments_wallet","PaymentReadinessPanel","(icon/unlabeled Button)","Button","src/components/payments/PaymentReadinessPanel.tsx","221","executable_or_ui","prior_payments_wallet_54","false","UNTESTED","","","","","",""
"A5-278","payments_wallet","PlatformFeeSchedulePanel","Refresh","Button","src/components/payments/PlatformFeeSchedulePanel.tsx","111","executable_or_ui","prior_payments_wallet_54","false","UNTESTED","","","","","",""
"A5-279","payments_wallet","PlatformFeeSchedulePanel","Preview","Button","src/components/payments/PlatformFeeSchedulePanel.tsx","127","executable_or_ui","prior_payments_wallet_54","false","UNTESTED","","","","","",""
"A5-280","payments_wallet","PlatformFeeSchedulePanel","Bill now","Button","src/components/payments/PlatformFeeSchedulePanel.tsx","130","executable_or_ui","prior_payments_wallet_54","false","UNTESTED","","","","","",""
"A5-281","payments_wallet","PlatformFeeSchedulePanel","Charge day of month","Input(number)","src/components/payments/PlatformFeeSchedulePanel.tsx","140","executable_or_ui","prior_payments_wallet_54","false","UNTESTED","","","","","",""
"A5-282","payments_wallet","PlatformFeeSchedulePanel","Amount","Select","src/components/payments/PlatformFeeSchedulePanel.tsx","152","executable_or_ui","prior_payments_wallet_54","false","UNTESTED","","","","","",""
"A5-283","payments_wallet","PlatformFeeSchedulePanel","Base amount (USD)","Input(number)","src/components/payments/PlatformFeeSchedulePanel.tsx","163","executable_or_ui","prior_payments_wallet_54","false","UNTESTED","","","","","",""
"A5-284","payments_wallet","PlatformFeeSchedulePanel","Update schedule / Create schedule","Button","src/components/payments/PlatformFeeSchedulePanel.tsx","177","executable_or_ui","prior_payments_wallet_54","false","UNTESTED","","","","","",""
"A5-285","payments_wallet","PlatformFeeSchedulePanel","Cancel schedule","Button","src/components/payments/PlatformFeeSchedulePanel.tsx","184","executable_or_ui","prior_payments_wallet_54","false","UNTESTED","","","","","",""
"A5-286","payments_wallet","SendPaymentPanel","%","Button","src/components/payments/SendPaymentPanel.tsx","245","executable_or_ui","prior_payments_wallet_54","false","UNTESTED","","","","","",""
"A5-287","payments_wallet","SendPaymentPanel","$","Button","src/components/payments/SendPaymentPanel.tsx","251","executable_or_ui","prior_payments_wallet_54","false","UNTESTED","","","","","",""
"A5-288","payments_wallet","SendPaymentPanel","Your fee","Input(number)","src/components/payments/SendPaymentPanel.tsx","261","executable_or_ui","prior_payments_wallet_54","false","UNTESTED","","","","","",""
"A5-289","payments_wallet","SendPaymentPanel","Notes (optional)","Input","src/components/payments/SendPaymentPanel.tsx","302","executable_or_ui","prior_payments_wallet_54","false","UNTESTED","","","","","",""
"A5-290","payments_wallet","SendPaymentPanel","Admin override:","Checkbox","src/components/payments/SendPaymentPanel.tsx","330","executable_or_ui","prior_payments_wallet_54","false","UNTESTED","","","","","",""
"A5-291","payments_wallet","SendPaymentPanel","(icon/unlabeled Button)","Button","src/components/payments/SendPaymentPanel.tsx","345","executable_or_ui","prior_payments_wallet_54","false","UNTESTED","","","","","",""
"A5-292","payments_wallet","SendPaymentPanel","{sendPayment.isPending ? ( <> Sending... ) : ( <> Confirm & send )}","Button","src/components/payments/SendPaymentPanel.tsx","364","executable_or_ui","prior_payments_wallet_54","false","UNTESTED","","","","","",""
"A5-293","payments_wallet","SendPaymentPanel","Cancel","Button","src/components/payments/SendPaymentPanel.tsx","375","executable_or_ui","prior_payments_wallet_54","false","UNTESTED","","","","","",""
"A5-294","payments_wallet","UnderwritingQuestionnairePanel","Average payment ($)","Input","src/components/payments/UnderwritingQuestionnairePanel.tsx","152","executable_or_ui","prior_payments_wallet_54","false","UNTESTED","","","","","",""
"A5-295","payments_wallet","UnderwritingQuestionnairePanel","Largest payment ($)","Input","src/components/payments/UnderwritingQuestionnairePanel.tsx","161","executable_or_ui","prior_payments_wallet_54","false","UNTESTED","","","","","",""
"A5-296","payments_wallet","UnderwritingQuestionnairePanel","Monthly volume ($)","Input","src/components/payments/UnderwritingQuestionnairePanel.tsx","170","executable_or_ui","prior_payments_wallet_54","false","UNTESTED","","","","","",""
"A5-297","payments_wallet","UnderwritingQuestionnairePanel","Volume with business customers (%)","Input","src/components/payments/UnderwritingQuestionnairePanel.tsx","182","executable_or_ui","prior_payments_wallet_54","false","UNTESTED","","","","","",""
"A5-298","payments_wallet","UnderwritingQuestionnairePanel","Volume with consumers (%)","Input","src/components/payments/UnderwritingQuestionnairePanel.tsx","197","executable_or_ui","prior_payments_wallet_54","false","UNTESTED","","","","","",""
"A5-299","payments_wallet","UnderwritingQuestionnairePanel","We sell or deliver physical goods","Switch","src/components/payments/UnderwritingQuestionnairePanel.tsx","204","executable_or_ui","prior_payments_wallet_54","false","UNTESTED","","","","","",""
"A5-300","payments_wallet","UnderwritingQuestionnairePanel","We ship products to customers","Switch","src/components/payments/UnderwritingQuestionnairePanel.tsx","213","executable_or_ui","prior_payments_wallet_54","false","UNTESTED","","","","","",""
"A5-301","payments_wallet","UnderwritingQuestionnairePanel","Typical delivery time (days)","Input","src/components/payments/UnderwritingQuestionnairePanel.tsx","221","executable_or_ui","prior_payments_wallet_54","false","UNTESTED","","","","","",""
"A5-302","payments_wallet","UnderwritingQuestionnairePanel","Return policy","Select","src/components/payments/UnderwritingQuestionnairePanel.tsx","230","executable_or_ui","prior_payments_wallet_54","false","UNTESTED","","","","","",""
"A5-303","payments_wallet","UnderwritingQuestionnairePanel","Return policy","Button","src/components/payments/UnderwritingQuestionnairePanel.tsx","243","executable_or_ui","prior_payments_wallet_54","false","UNTESTED","","","","","",""
"A5-304","payments_wallet","UsageLogTab","(Select)","Select","src/components/payments/UsageLogTab.tsx","77","executable_or_ui","prior_payments_wallet_54","false","UNTESTED","","","","","",""
"A5-305","payments_wallet","VerificationDocumentsPanel","(icon/unlabeled Button)","Button","src/components/payments/VerificationDocumentsPanel.tsx","144","executable_or_ui","prior_payments_wallet_54","false","UNTESTED","","","","","",""
"A5-306","payments_wallet","VerificationDocumentsPanel","Document type","Select","src/components/payments/VerificationDocumentsPanel.tsx","165","executable_or_ui","prior_payments_wallet_54","false","UNTESTED","","","","","",""
"A5-307","payments_wallet","VerificationDocumentsPanel","Business representative","Select","src/components/payments/VerificationDocumentsPanel.tsx","182","executable_or_ui","prior_payments_wallet_54","false","UNTESTED","","","","","",""
"A5-308","payments_wallet","VerificationDocumentsPanel","Business representative","Input(file)","src/components/payments/VerificationDocumentsPanel.tsx","195","executable_or_ui","prior_payments_wallet_54","false","UNTESTED","","","","","",""
"A5-309","payments_wallet","VerificationDocumentsPanel","(icon/unlabeled Button)","Button","src/components/payments/VerificationDocumentsPanel.tsx","207","executable_or_ui","prior_payments_wallet_54","false","UNTESTED","","","","","",""
"A5-310","payments_wallet","VerificationDocumentsPanel","(icon/unlabeled Button)","Button","src/components/payments/VerificationDocumentsPanel.tsx","273","executable_or_ui","prior_payments_wallet_54","false","UNTESTED","","","","","",""
"A5-311","payments_wallet","WalletPanel","Refresh","Button","src/components/payments/WalletPanel.tsx","71","executable_or_ui","prior_payments_wallet_54","false","PASS","","","3","c1c_admin","/c1c/wallet-ops","Refresh in add-funds dialog and Refresh balances"
"A5-312","payments_wallet","WalletPanel","Amount to add","Input(number)","src/components/payments/WalletPanel.tsx","122","executable_or_ui","prior_payments_wallet_54","false","PASS","","/opt/cursor/artifacts/pass3_c1c_wallet_add_funds_cancel.webp","3","c1c_admin","/c1c/wallet-ops","Add funds dialog; typed 0, 0.01, 999999.99; Cancel/X"
"A5-313","payments_wallet","WalletPanel","Add funds from bank","Button","src/components/payments/WalletPanel.tsx","133","provider_blocked","prior_payments_wallet_54","false","BLOCKED","Add funds from bank would initiate provider/ACH; provider execution off","","3","c1c_admin","/c1c/wallet-ops","visible; not clicked"
"A6-001","mortgage_ops","MortgageOpsQueue","Sign out","Button","src/pages/mortgage-ops/MortgageOpsQueue.tsx","249","executable_or_ui","prior_mortgage_mixed","false","BLOCKED","EMAIL_OTP required for queue","FUNCTIONAL_E2E_AUDIT_2026-09-11.md Pass 2","2","mortgage_agent","/mortgage-ops/queue","clicked in Pass 2"
"A6-002","mortgage_ops","MortgageOpsQueue","Queued","Tab","src/pages/mortgage-ops/MortgageOpsQueue.tsx","267","executable_or_ui","prior_mortgage_mixed","false","BLOCKED","EMAIL_OTP required for queue","FUNCTIONAL_E2E_AUDIT_2026-09-11.md Pass 2","2","mortgage_agent","/mortgage-ops/queue","clicked in Pass 2"
"A6-003","mortgage_ops","MortgageOpsQueue","In progress","Tab","src/pages/mortgage-ops/MortgageOpsQueue.tsx","271","executable_or_ui","prior_mortgage_mixed","false","BLOCKED","EMAIL_OTP required for queue","FUNCTIONAL_E2E_AUDIT_2026-09-11.md Pass 2","2","mortgage_agent","/mortgage-ops/queue","clicked in Pass 2"
"A6-004","mortgage_ops","MortgageOpsQueue","Completed","Tab","src/pages/mortgage-ops/MortgageOpsQueue.tsx","275","executable_or_ui","prior_mortgage_mixed","false","BLOCKED","EMAIL_OTP required for queue","FUNCTIONAL_E2E_AUDIT_2026-09-11.md Pass 2","2","mortgage_agent","/mortgage-ops/queue","clicked in Pass 2"
"A6-005","mortgage_ops","MortgageOpsQueue","Directory","Tab","src/pages/mortgage-ops/MortgageOpsQueue.tsx","279","executable_or_ui","prior_mortgage_mixed","false","BLOCKED","EMAIL_OTP required for queue","FUNCTIONAL_E2E_AUDIT_2026-09-11.md Pass 2","2","mortgage_agent","/mortgage-ops/queue","clicked in Pass 2"
"A6-006","mortgage_ops","MortgageOpsQueue","Accept task","Button","src/pages/mortgage-ops/MortgageOpsQueue.tsx","326","executable_or_ui","prior_mortgage_mixed","false","BLOCKED","EMAIL_OTP required for queue","FUNCTIONAL_E2E_AUDIT_2026-09-11.md Pass 2","2","mortgage_agent","/mortgage-ops/queue","clicked in Pass 2"
"A6-007","mortgage_ops","MortgageOpsQueue","View details","Button","src/pages/mortgage-ops/MortgageOpsQueue.tsx","334","executable_or_ui","prior_mortgage_mixed","false","BLOCKED","EMAIL_OTP required for queue","FUNCTIONAL_E2E_AUDIT_2026-09-11.md Pass 2","2","mortgage_agent","/mortgage-ops/queue","clicked in Pass 2"
"A6-008","mortgage_ops","MortgageOpsQueue","Add a work note…","Textarea","src/pages/mortgage-ops/MortgageOpsQueue.tsx","391","executable_or_ui","prior_mortgage_mixed","false","BLOCKED","EMAIL_OTP required for queue","FUNCTIONAL_E2E_AUDIT_2026-09-11.md Pass 2","2","mortgage_agent","/mortgage-ops/queue","clicked in Pass 2"
"A6-009","mortgage_ops","MortgageOpsQueue","View details","Button","src/pages/mortgage-ops/MortgageOpsQueue.tsx","398","executable_or_ui","prior_mortgage_mixed","false","BLOCKED","EMAIL_OTP required for queue","FUNCTIONAL_E2E_AUDIT_2026-09-11.md Pass 2","2","mortgage_agent","/mortgage-ops/queue","clicked in Pass 2"
"A6-010","mortgage_ops","MortgageOpsQueue","Add note","Button","src/pages/mortgage-ops/MortgageOpsQueue.tsx","401","executable_or_ui","prior_mortgage_mixed","false","BLOCKED","EMAIL_OTP required for queue","FUNCTIONAL_E2E_AUDIT_2026-09-11.md Pass 2","2","mortgage_agent","/mortgage-ops/queue","clicked in Pass 2"
"A6-011","mortgage_ops","MortgageOpsQueue","Mark complete","Button","src/pages/mortgage-ops/MortgageOpsQueue.tsx","409","executable_or_ui","prior_mortgage_mixed","false","BLOCKED","EMAIL_OTP required for queue","FUNCTIONAL_E2E_AUDIT_2026-09-11.md Pass 2","2","mortgage_agent","/mortgage-ops/queue","clicked in Pass 2"
"A6-012","mortgage_ops","MortgageOpsQueue","Cancel","Button","src/pages/mortgage-ops/MortgageOpsQueue.tsx","416","executable_or_ui","prior_mortgage_mixed","false","BLOCKED","EMAIL_OTP required for queue","FUNCTIONAL_E2E_AUDIT_2026-09-11.md Pass 2","2","mortgage_agent","/mortgage-ops/queue","clicked in Pass 2"
"A6-013","mortgage_ops","MortgageOpsQueue","View details","Button","src/pages/mortgage-ops/MortgageOpsQueue.tsx","475","executable_or_ui","prior_mortgage_mixed","false","BLOCKED","EMAIL_OTP required for queue","FUNCTIONAL_E2E_AUDIT_2026-09-11.md Pass 2","2","mortgage_agent","/mortgage-ops/queue","clicked in Pass 2"
"A6-014","mortgage_ops","MortgageOpsLogin","Email verification code","Input","src/pages/mortgage-ops/MortgageOpsLogin.tsx","156","executable_or_ui","prior_mortgage_mixed","false","UNTESTED","","","","","",""
"A6-015","mortgage_ops","MortgageOpsLogin","Verify and sign in","Button","src/pages/mortgage-ops/MortgageOpsLogin.tsx","166","executable_or_ui","prior_mortgage_mixed","false","PASS","","FUNCTIONAL_E2E_AUDIT_2026-09-11.md Pass 2","2","anon","/mortgage-ops/login","passkey fail-closed"
"A6-016","mortgage_ops","MortgageOpsLogin","Use a different email","Button","src/pages/mortgage-ops/MortgageOpsLogin.tsx","170","executable_or_ui","prior_mortgage_mixed","false","PASS","","FUNCTIONAL_E2E_AUDIT_2026-09-11.md Pass 2","2","anon","/mortgage-ops/login","passkey fail-closed"
"A6-017","mortgage_ops","MortgageOpsLogin","Use a different email","Button","src/pages/mortgage-ops/MortgageOpsLogin.tsx","180","executable_or_ui","prior_mortgage_mixed","false","PASS","","FUNCTIONAL_E2E_AUDIT_2026-09-11.md Pass 2","2","anon","/mortgage-ops/login","passkey fail-closed"
"A6-018","mortgage_ops","MortgageOpsLogin","Work email","Input(email)","src/pages/mortgage-ops/MortgageOpsLogin.tsx","191","executable_or_ui","prior_mortgage_mixed","false","UNTESTED","","","","","",""
"A6-019","mortgage_ops","MortgageOpsLogin","Signing in… / Sign in with passkey","Button","src/pages/mortgage-ops/MortgageOpsLogin.tsx","201","executable_or_ui","prior_mortgage_mixed","false","PASS","","FUNCTIONAL_E2E_AUDIT_2026-09-11.md Pass 2","2","anon","/mortgage-ops/login","passkey fail-closed"
"A6-020","mortgage_ops","MortgageOpsLogin","Work email","Input(email)","src/pages/mortgage-ops/MortgageOpsLogin.tsx","226","executable_or_ui","prior_mortgage_mixed","false","UNTESTED","","","","","",""
"A6-021","mortgage_ops","MortgageOpsLogin","Sending… / Email me a verification code / Email me a sign-in link","Button","src/pages/mortgage-ops/MortgageOpsLogin.tsx","236","email_blocked","prior_mortgage_mixed","false","UNTESTED","","","","","",""
"A7-001","homeowner","HomeownerCheckUpload","Upload code","Input","src/pages/HomeownerCheckUpload.tsx","426","executable_or_ui","prior_public_homeowner_88","false","BLOCKED","EMAIL_OTP / would email","FUNCTIONAL_E2E_AUDIT_2026-09-11.md Pass 2","2","anon","/h/upload","clicked in Pass 2"
"A7-002","homeowner","HomeownerCheckUpload","Verify and continue","Button","src/pages/HomeownerCheckUpload.tsx","435","executable_or_ui","prior_public_homeowner_88","false","PASS","","FUNCTIONAL_E2E_AUDIT_2026-09-11.md Pass 2","2","anon","/h/upload","fields visible; OTP not sent"
"A7-003","homeowner","HomeownerCheckUpload","Use a different email","Button","src/pages/HomeownerCheckUpload.tsx","441","executable_or_ui","prior_public_homeowner_88","false","PASS","","FUNCTIONAL_E2E_AUDIT_2026-09-11.md Pass 2","2","anon","/h/upload","fields visible; OTP not sent"
"A7-004","homeowner","HomeownerCheckUpload","Your email","Input(email)","src/pages/HomeownerCheckUpload.tsx","449","executable_or_ui","prior_public_homeowner_88","false","PASS","","FUNCTIONAL_E2E_AUDIT_2026-09-11.md Pass 2","2","anon","/h/upload","fields visible; OTP not sent"
"A7-005","homeowner","HomeownerCheckUpload","Send me a secure code / Send me a secure link","Button","src/pages/HomeownerCheckUpload.tsx","461","executable_or_ui","prior_public_homeowner_88","false","BLOCKED","EMAIL_OTP / would email","FUNCTIONAL_E2E_AUDIT_2026-09-11.md Pass 2","2","anon","/h/upload","clicked in Pass 2"
"A7-006","homeowner","HomeownerCheckUpload","Back to directory","Link","src/pages/HomeownerCheckUpload.tsx","466","executable_or_ui","prior_public_homeowner_88","false","PASS","","FUNCTIONAL_E2E_AUDIT_2026-09-11.md Pass 2","2","anon","/h/upload","fields visible; OTP not sent"
"A7-007","homeowner","HomeownerCheckUpload","Sign out","Button","src/pages/HomeownerCheckUpload.tsx","494","executable_or_ui","prior_public_homeowner_88","false","PASS","","FUNCTIONAL_E2E_AUDIT_2026-09-11.md Pass 2","2","anon","/h/upload","fields visible; OTP not sent"
"A7-008","homeowner","HomeownerCheckUpload","Find a Pro","Link","src/pages/HomeownerCheckUpload.tsx","507","executable_or_ui","prior_public_homeowner_88","false","PASS","","FUNCTIONAL_E2E_AUDIT_2026-09-11.md Pass 2","2","anon","/h/upload","fields visible; OTP not sent"
"A7-009","homeowner","HomeownerCheckUpload","(unlabeled input)","Input(file)","src/pages/HomeownerCheckUpload.tsx","547","executable_or_ui","prior_public_homeowner_88","false","UNTESTED","","","","","",""
"A7-010","homeowner","HomeownerCheckUpload","Anything the contractor should know? (optional)","Textarea","src/pages/HomeownerCheckUpload.tsx","559","executable_or_ui","prior_public_homeowner_88","false","UNTESTED","","","","","",""
"A7-011","homeowner","HomeownerCheckUpload","Send check securely","Button","src/pages/HomeownerCheckUpload.tsx","568","executable_or_ui","prior_public_homeowner_88","false","BLOCKED","EMAIL_OTP / would email","FUNCTIONAL_E2E_AUDIT_2026-09-11.md Pass 2","2","anon","/h/upload","clicked in Pass 2"
"A7-012","homeowner","HomeownerCheckUpload","ChecksOps home","Link","src/pages/HomeownerCheckUpload.tsx","624","executable_or_ui","prior_public_homeowner_88","false","UNTESTED","","","","","",""
"A7-013","homeowner","HomeownerClaimPortal","Back to Find a Pro","Link","src/pages/HomeownerClaimPortal.tsx","377","executable_or_ui","prior_public_homeowner_88","false","UNTESTED","","","","","",""
"A7-014","homeowner","HomeownerClaimPortal","(unlabeled input)","Input(file)","src/pages/HomeownerClaimPortal.tsx","436","executable_or_ui","prior_public_homeowner_88","false","UNTESTED","","","","","",""
"A7-015","homeowner","HomeownerClaimPortal","(icon/unlabeled Button)","Button","src/pages/HomeownerClaimPortal.tsx","479","executable_or_ui","prior_public_homeowner_88","false","UNTESTED","","","","","",""
"A7-016","homeowner","HomeownerClaimPortal","Sign","Button","src/pages/HomeownerClaimPortal.tsx","497","executable_or_ui","prior_public_homeowner_88","false","UNTESTED","","","","","",""
"A7-017","homeowner","HomeownerClaimPortal","Fill in","Button","src/pages/HomeownerClaimPortal.tsx","501","executable_or_ui","prior_public_homeowner_88","false","UNTESTED","","","","","",""
"A7-018","homeowner","HomeownerClaimPortal","(unlabeled input)","Input","src/pages/HomeownerClaimPortal.tsx","649","executable_or_ui","prior_public_homeowner_88","false","UNTESTED","","","","","",""
"A7-019","homeowner","HomeownerClaimPortal","(unlabeled input)","Input","src/pages/HomeownerClaimPortal.tsx","652","executable_or_ui","prior_public_homeowner_88","false","UNTESTED","","","","","",""
"A7-020","homeowner","HomeownerClaimPortal","(unlabeled input)","Input","src/pages/HomeownerClaimPortal.tsx","655","executable_or_ui","prior_public_homeowner_88","false","UNTESTED","","","","","",""
"A7-021","homeowner","HomeownerClaimPortal","(unlabeled input)","Input","src/pages/HomeownerClaimPortal.tsx","658","executable_or_ui","prior_public_homeowner_88","false","UNTESTED","","","","","",""
"A7-022","homeowner","HomeownerClaimPortal","I have read and agree to the Direction to Pay above.","Checkbox","src/pages/HomeownerClaimPortal.tsx","673","executable_or_ui","prior_public_homeowner_88","false","UNTESTED","","","","","",""
"A7-023","homeowner","HomeownerClaimPortal","First Last","Input","src/pages/HomeownerClaimPortal.tsx","679","executable_or_ui","prior_public_homeowner_88","false","UNTESTED","","","","","",""
"A7-024","homeowner","HomeownerClaimPortal","Sign Direction to Pay","Button","src/pages/HomeownerClaimPortal.tsx","686","executable_or_ui","prior_public_homeowner_88","false","UNTESTED","","","","","",""
"A7-025","homeowner","HomeownerClaimPortal","(unlabeled input)","Input(file)","src/pages/HomeownerClaimPortal.tsx","726","executable_or_ui","prior_public_homeowner_88","false","UNTESTED","","","","","",""
"A7-026","homeowner","HomeownerClaimPortal","Note to contractor (optional)","Textarea","src/pages/HomeownerClaimPortal.tsx","737","executable_or_ui","prior_public_homeowner_88","false","UNTESTED","","","","","",""
"A7-027","homeowner","HomeownerClaimPortal","Send check securely","Button","src/pages/HomeownerClaimPortal.tsx","745","executable_or_ui","prior_public_homeowner_88","false","UNTESTED","","","","","",""
"A7-028","homeowner","HomeownerClaimPortal","I have read and agree. My typed name is my signature.","Checkbox","src/pages/HomeownerClaimPortal.tsx","812","executable_or_ui","prior_public_homeowner_88","false","UNTESTED","","","","","",""
"A7-029","homeowner","HomeownerClaimPortal","First Last","Input","src/pages/HomeownerClaimPortal.tsx","822","executable_or_ui","prior_public_homeowner_88","false","UNTESTED","","","","","",""
"A7-030","homeowner","HomeownerClaimPortal","Cancel","Button","src/pages/HomeownerClaimPortal.tsx","831","executable_or_ui","prior_public_homeowner_88","false","UNTESTED","","","","","",""
"A7-031","homeowner","HomeownerClaimPortal","Sign document","Button","src/pages/HomeownerClaimPortal.tsx","832","executable_or_ui","prior_public_homeowner_88","false","UNTESTED","","","","","",""
"A7-032","homeowner","HomeownerClaimPortal","e.g. Wells Fargo Home Mortgage","Input","src/pages/HomeownerClaimPortal.tsx","854","executable_or_ui","prior_public_homeowner_88","false","UNTESTED","","","","","",""
"A7-033","homeowner","HomeownerClaimPortal","(unlabeled input)","Input","src/pages/HomeownerClaimPortal.tsx","863","executable_or_ui","prior_public_homeowner_88","false","UNTESTED","","","","","",""
"A7-034","homeowner","HomeownerClaimPortal","(unlabeled input)","Input","src/pages/HomeownerClaimPortal.tsx","870","executable_or_ui","prior_public_homeowner_88","false","UNTESTED","","","","","",""
"A7-035","homeowner","HomeownerClaimPortal","(unlabeled input)","Input","src/pages/HomeownerClaimPortal.tsx","878","executable_or_ui","prior_public_homeowner_88","false","UNTESTED","","","","","",""
"A7-036","homeowner","HomeownerClaimPortal","(unlabeled input)","Input","src/pages/HomeownerClaimPortal.tsx","885","executable_or_ui","prior_public_homeowner_88","false","UNTESTED","","","","","",""
"A7-037","homeowner","HomeownerClaimPortal","1234","Input","src/pages/HomeownerClaimPortal.tsx","892","executable_or_ui","prior_public_homeowner_88","false","UNTESTED","","","","","",""
"A7-038","homeowner","HomeownerClaimPortal","(unlabeled textarea)","Textarea","src/pages/HomeownerClaimPortal.tsx","901","executable_or_ui","prior_public_homeowner_88","false","UNTESTED","","","","","",""
"A7-039","homeowner","HomeownerClaimPortal","First Last","Input","src/pages/HomeownerClaimPortal.tsx","909","executable_or_ui","prior_public_homeowner_88","false","UNTESTED","","","","","",""
"A7-040","homeowner","HomeownerClaimPortal","Cancel","Button","src/pages/HomeownerClaimPortal.tsx","922","executable_or_ui","prior_public_homeowner_88","false","UNTESTED","","","","","",""
"A7-041","homeowner","HomeownerClaimPortal","Submit mortgage info","Button","src/pages/HomeownerClaimPortal.tsx","923","executable_or_ui","prior_public_homeowner_88","false","UNTESTED","","","","","",""
"A7-042","homeowner","HomeownerClaimPortal","ChecksOps home","Link","src/pages/HomeownerClaimPortal.tsx","966","executable_or_ui","prior_public_homeowner_88","false","UNTESTED","","","","","",""
"A7-043","homeowner","HomeownerLedger","Send a new check or document","Button","src/pages/HomeownerLedger.tsx","331","executable_or_ui","prior_public_homeowner_88","false","PASS","","FUNCTIONAL_E2E_AUDIT_2026-09-11.md Pass 2","2","public_token","/ledger/:token","view-only existing token"
"A7-044","homeowner","HomeownerLedger","Sign now","Button","src/pages/HomeownerLedger.tsx","412","executable_or_ui","prior_public_homeowner_88","false","UNTESTED","","","","","",""
"A7-045","homeowner","HomeownerLedger","Sign now","Button","src/pages/HomeownerLedger.tsx","499","executable_or_ui","prior_public_homeowner_88","false","UNTESTED","","","","","",""
"A7-046","homeowner","HomeownerLedger","View","Button","src/pages/HomeownerLedger.tsx","547","executable_or_ui","prior_public_homeowner_88","false","PASS","","FUNCTIONAL_E2E_AUDIT_2026-09-11.md Pass 2","2","public_token","/ledger/:token","view-only existing token"
"A7-047","homeowner","HomeownerLedger","New check","Button","src/pages/HomeownerLedger.tsx","655","executable_or_ui","prior_public_homeowner_88","false","UNTESTED","","","","","",""
"A7-048","homeowner","HomeownerLedger","Production doc","Button","src/pages/HomeownerLedger.tsx","656","executable_or_ui","prior_public_homeowner_88","false","UNTESTED","","","","","",""
"A7-049","homeowner","HomeownerLedger","Amount (optional)","Input","src/pages/HomeownerLedger.tsx","667","executable_or_ui","prior_public_homeowner_88","false","UNTESTED","","","","","",""
"A7-050","homeowner","HomeownerLedger","Note (optional)","Textarea","src/pages/HomeownerLedger.tsx","673","executable_or_ui","prior_public_homeowner_88","false","UNTESTED","","","","","",""
"A7-051","homeowner","HomeownerLedger","Send securely","Button","src/pages/HomeownerLedger.tsx","675","executable_or_ui","prior_public_homeowner_88","false","UNTESTED","","","","","",""
"A7-052","homeowner","HomeownerLedger","(unlabeled input)","Input(file)","src/pages/HomeownerLedger.tsx","705","executable_or_ui","prior_public_homeowner_88","false","UNTESTED","","","","","",""
"A7-053","homeowner","HomeownerLedger","Pay deductible from your bank","Button","src/pages/HomeownerLedger.tsx","910","executable_or_ui","prior_public_homeowner_88","false","UNTESTED","","","","","",""
"A7-054","homeowner","HomeownerLedger","Amount","Input(number)","src/pages/HomeownerLedger.tsx","920","executable_or_ui","prior_public_homeowner_88","false","UNTESTED","","","","","",""
"A7-055","homeowner","HomeownerLedger","Name on the account","Input","src/pages/HomeownerLedger.tsx","924","executable_or_ui","prior_public_homeowner_88","false","UNTESTED","","","","","",""
"A7-056","homeowner","HomeownerLedger","Routing number","Input","src/pages/HomeownerLedger.tsx","929","executable_or_ui","prior_public_homeowner_88","false","UNTESTED","","","","","",""
"A7-057","homeowner","HomeownerLedger","Account number","Input","src/pages/HomeownerLedger.tsx","933","executable_or_ui","prior_public_homeowner_88","false","UNTESTED","","","","","",""
"A7-058","homeowner","HomeownerLedger","Account number","Button","src/pages/HomeownerLedger.tsx","938","executable_or_ui","prior_public_homeowner_88","false","UNTESTED","","","","","",""
"A7-059","homeowner","HomeownerLedger","Account number","Input(checkbox)","src/pages/HomeownerLedger.tsx","945","executable_or_ui","prior_public_homeowner_88","false","UNTESTED","","","","","",""
"A7-060","homeowner","HomeownerLedger","Pay","Button","src/pages/HomeownerLedger.tsx","952","executable_or_ui","prior_public_homeowner_88","false","UNTESTED","","","","","",""
"A7-061","homeowner","HomeownerLedger","Cancel","Button","src/pages/HomeownerLedger.tsx","956","executable_or_ui","prior_public_homeowner_88","false","UNTESTED","","","","","",""
"A7-062","homeowner","Sign","Doc","Button","src/pages/Sign.tsx","410","executable_or_ui","prior_public_homeowner_88","false","PASS","","FUNCTIONAL_E2E_AUDIT_2026-09-11.md Pass 2","2","anon","/sign","no-token error"
"A7-063","homeowner","Sign","Finish","Button","src/pages/Sign.tsx","421","executable_or_ui","prior_public_homeowner_88","false","PASS","","FUNCTIONAL_E2E_AUDIT_2026-09-11.md Pass 2","2","anon","/sign","no-token error"
"A7-064","homeowner","Sign","1 Review Document","Button","src/pages/Sign.tsx","448","executable_or_ui","prior_public_homeowner_88","false","PASS","","FUNCTIONAL_E2E_AUDIT_2026-09-11.md Pass 2","2","anon","/sign","no-token error"
"A7-065","homeowner","Sign","2 Sign & Complete","Button","src/pages/Sign.tsx","466","executable_or_ui","prior_public_homeowner_88","false","UNTESTED","","","","","",""
"A7-066","homeowner","Sign","I've Reviewed — Continue to Sign","Button","src/pages/Sign.tsx","507","executable_or_ui","prior_public_homeowner_88","false","UNTESTED","","","","","",""
"A7-067","homeowner","Sign","↑ View Document Again","Button","src/pages/Sign.tsx","547","executable_or_ui","prior_public_homeowner_88","false","UNTESTED","","","","","",""
"A7-068","homeowner","Sign","↺ Clear & Redo","Button","src/pages/Sign.tsx","679","executable_or_ui","prior_public_homeowner_88","false","UNTESTED","","","","","",""
"A7-070","homeowner","Sign","(unlabeled input)","Input(date)","src/pages/Sign.tsx","702","executable_or_ui","prior_public_homeowner_88","false","UNTESTED","","","","","",""
"A7-071","homeowner","Sign","(unlabeled input)","Input(text)","src/pages/Sign.tsx","711","executable_or_ui","prior_public_homeowner_88","false","UNTESTED","","","","","",""
"A7-072","homeowner","Sign","(eSignConsentText)","Checkbox","src/pages/Sign.tsx","731","executable_or_ui","prior_public_homeowner_88","false","UNTESTED","","","","","",""
"A7-073","homeowner","Sign","Complete Signature / Submitting Signature...","Button","src/pages/Sign.tsx","738","executable_or_ui","prior_public_homeowner_88","false","UNTESTED","","","","","",""
"A7-074","homeowner","Sign","← Back to Document Review","Button","src/pages/Sign.tsx","757","executable_or_ui","prior_public_homeowner_88","false","UNTESTED","","","","","",""
"A7-075","homeowner","Endorse","Clear","Button","src/pages/Endorse.tsx","338","executable_or_ui","prior_public_homeowner_88","false","PASS","","FUNCTIONAL_E2E_AUDIT_2026-09-11.md Pass 2","2","anon","/endorse","no-token error page"
"A7-076","homeowner","Endorse","(unlabeled input)","Input(checkbox)","src/pages/Endorse.tsx","343","executable_or_ui","prior_public_homeowner_88","false","UNTESTED","","","","","",""
"A7-077","homeowner","Endorse","(unlabeled input)","Input(radio)","src/pages/Endorse.tsx","370","executable_or_ui","prior_public_homeowner_88","false","UNTESTED","","","","","",""
"A7-078","homeowner","Endorse","(unlabeled input)","Input(radio)","src/pages/Endorse.tsx","393","executable_or_ui","prior_public_homeowner_88","false","UNTESTED","","","","","",""
"A7-079","homeowner","Endorse","Enter contractor name...","Input(text)","src/pages/Endorse.tsx","414","executable_or_ui","prior_public_homeowner_88","false","UNTESTED","","","","","",""
"A7-080","homeowner","Endorse","Endorse Check","Button","src/pages/Endorse.tsx","427","executable_or_ui","prior_public_homeowner_88","false","PASS","","FUNCTIONAL_E2E_AUDIT_2026-09-11.md Pass 2","2","anon","/endorse","no-token error page"
"A7-081","homeowner","Endorse","Reject","Button","src/pages/Endorse.tsx","432","executable_or_ui","prior_public_homeowner_88","false","PASS","","FUNCTIONAL_E2E_AUDIT_2026-09-11.md Pass 2","2","anon","/endorse","no-token error page"
"A7-082","homeowner","PaymentDirectionPage","Yes, pay contractor directly","Button","src/pages/PaymentDirectionPage.tsx","132","executable_or_ui","prior_public_homeowner_88","false","UNTESTED","","","","","",""
"A7-083","homeowner","PaymentDirectionPage","No, send funds to me","Button","src/pages/PaymentDirectionPage.tsx","141","executable_or_ui","prior_public_homeowner_88","false","UNTESTED","","","","","",""
"A7-084","homeowner","AttachUploadToClaimDialog","Amount (optional)","Input(number)","src/components/homeowner-ledger/AttachUploadToClaimDialog.tsx","109","provider_blocked","prior_public_homeowner_88","false","UNTESTED","","","","","",""
"A7-085","homeowner","AttachUploadToClaimDialog","Find claim","Input","src/components/homeowner-ledger/AttachUploadToClaimDialog.tsx","123","provider_blocked","prior_public_homeowner_88","false","UNTESTED","","","","","",""
"A7-086","homeowner","AttachUploadToClaimDialog","{c.policyholder_address ? ` • $ ` : """"}","Button","src/components/homeowner-ledger/AttachUploadToClaimDialog.tsx","145","provider_blocked","prior_public_homeowner_88","false","UNTESTED","","","","","",""
"A7-087","homeowner","AttachUploadToClaimDialog","Cancel","Button","src/components/homeowner-ledger/AttachUploadToClaimDialog.tsx","166","provider_blocked","prior_public_homeowner_88","false","UNTESTED","","","","","",""
"A7-088","homeowner","AttachUploadToClaimDialog","(icon/unlabeled Button)","Button","src/components/homeowner-ledger/AttachUploadToClaimDialog.tsx","167","provider_blocked","prior_public_homeowner_88","false","UNTESTED","","","","","",""
"A7-089","homeowner","HomeownerLedgerPanel","Name","Input","src/components/homeowner-ledger/HomeownerLedgerPanel.tsx","98","executable_or_ui","prior_public_homeowner_88","false","UNTESTED","","","","","",""
"A7-090","homeowner","HomeownerLedgerPanel","Email","Input(email)","src/components/homeowner-ledger/HomeownerLedgerPanel.tsx","99","executable_or_ui","prior_public_homeowner_88","false","UNTESTED","","","","","",""
"A7-091","homeowner","HomeownerLedgerPanel","Phone","Input","src/components/homeowner-ledger/HomeownerLedgerPanel.tsx","100","executable_or_ui","prior_public_homeowner_88","false","UNTESTED","","","","","",""
"A7-092","homeowner","HomeownerLedgerPanel","Send ledger link","Button","src/components/homeowner-ledger/HomeownerLedgerPanel.tsx","102","executable_or_ui","prior_public_homeowner_88","false","UNTESTED","","","","","",""
"A7-093","homeowner","HomeownerLedgerPanel","Copy","Button","src/components/homeowner-ledger/HomeownerLedgerPanel.tsx","132","executable_or_ui","prior_public_homeowner_88","false","UNTESTED","","","","","",""
"A7-094","homeowner","HomeownerLedgerPanel","View","Button","src/components/homeowner-ledger/HomeownerLedgerPanel.tsx","135","executable_or_ui","prior_public_homeowner_88","false","UNTESTED","","","","","",""
"A7-095","homeowner","HomeownerLedgerPanel","Resend","Button","src/components/homeowner-ledger/HomeownerLedgerPanel.tsx","138","executable_or_ui","prior_public_homeowner_88","false","UNTESTED","","","","","",""
"A7-096","homeowner","HomeownerLedgerPanel","Revoke","Button","src/components/homeowner-ledger/HomeownerLedgerPanel.tsx","141","executable_or_ui","prior_public_homeowner_88","false","UNTESTED","","","","","",""
"A7-097","homeowner","HomeownerSubmittedChecksInbox","Process to Review","Button","src/components/homeowner-ledger/HomeownerSubmittedChecksInbox.tsx","111","executable_or_ui","prior_public_homeowner_88","false","UNTESTED","","","","","",""
"A7-098","homeowner","HomeownerSubmittedChecksInbox","Reject","Button","src/components/homeowner-ledger/HomeownerSubmittedChecksInbox.tsx","114","executable_or_ui","prior_public_homeowner_88","false","UNTESTED","","","","","",""
"A7-099","homeowner","HomeownerSubmittedChecksInbox","(link)","Link","src/components/homeowner-ledger/HomeownerSubmittedChecksInbox.tsx","145","executable_or_ui","prior_public_homeowner_88","false","UNTESTED","","","","","",""
"A7-100","homeowner","PostHomeownerUpdateCard","Share a status update the homeowner should see (e.g.","Textarea","src/components/homeowner-ledger/PostHomeownerUpdateCard.tsx","95","executable_or_ui","prior_public_homeowner_88","false","UNTESTED","","","","","",""
"A7-101","homeowner","PostHomeownerUpdateCard","Post update","Button","src/components/homeowner-ledger/PostHomeownerUpdateCard.tsx","102","email_blocked","prior_public_homeowner_88","false","UNTESTED","","","","","",""
"A7-102","homeowner","ProjectPlanCard","Tentative start","Input(date)","src/components/homeowner-ledger/ProjectPlanCard.tsx","198","executable_or_ui","prior_public_homeowner_88","false","UNTESTED","","","","","",""
"A7-103","homeowner","ProjectPlanCard","Through","Input(date)","src/components/homeowner-ledger/ProjectPlanCard.tsx","203","executable_or_ui","prior_public_homeowner_88","false","UNTESTED","","","","","",""
"A7-104","homeowner","ProjectPlanCard","Status","Select","src/components/homeowner-ledger/ProjectPlanCard.tsx","209","executable_or_ui","prior_public_homeowner_88","false","UNTESTED","","","","","",""
"A7-105","homeowner","ProjectPlanCard","Note to homeowner","Textarea","src/components/homeowner-ledger/ProjectPlanCard.tsx","219","executable_or_ui","prior_public_homeowner_88","false","UNTESTED","","","","","",""
"A7-106","homeowner","ProjectPlanCard","Total project / claim amount","Input(number)","src/components/homeowner-ledger/ProjectPlanCard.tsx","226","executable_or_ui","prior_public_homeowner_88","false","UNTESTED","","","","","",""
"A7-107","homeowner","ProjectPlanCard","Deductible","Input(number)","src/components/homeowner-ledger/ProjectPlanCard.tsx","233","executable_or_ui","prior_public_homeowner_88","false","UNTESTED","","","","","",""
"A7-108","homeowner","ProjectPlanCard","Other out of pocket","Input(number)","src/components/homeowner-ledger/ProjectPlanCard.tsx","240","executable_or_ui","prior_public_homeowner_88","false","UNTESTED","","","","","",""
"A7-109","homeowner","ProjectPlanCard","(unlabeled switch)","Switch","src/components/homeowner-ledger/ProjectPlanCard.tsx","260","executable_or_ui","prior_public_homeowner_88","false","UNTESTED","","","","","",""
"A7-110","homeowner","ProjectPlanCard","(unlabeled switch)","Switch","src/components/homeowner-ledger/ProjectPlanCard.tsx","265","executable_or_ui","prior_public_homeowner_88","false","UNTESTED","","","","","",""
"A7-111","homeowner","ProjectPlanCard","Save project details","Button","src/components/homeowner-ledger/ProjectPlanCard.tsx","271","executable_or_ui","prior_public_homeowner_88","false","UNTESTED","","","","","",""
"A7-112","homeowner","SendCheckTrackingLinkButton","Link this check to a claim first","Button","src/components/homeowner-ledger/SendCheckTrackingLinkButton.tsx","112","executable_or_ui","prior_public_homeowner_88","false","UNTESTED","","","","","",""
"A7-113","homeowner","SendCheckTrackingLinkButton","(icon/unlabeled Button)","Button","src/components/homeowner-ledger/SendCheckTrackingLinkButton.tsx","120","executable_or_ui","prior_public_homeowner_88","false","UNTESTED","","","","","",""
"A7-114","homeowner","SendCheckTrackingLinkButton","Copy","Button","src/components/homeowner-ledger/SendCheckTrackingLinkButton.tsx","139","executable_or_ui","prior_public_homeowner_88","false","UNTESTED","","","","","",""
"A7-115","homeowner","SendCheckTrackingLinkButton","Preview","Button","src/components/homeowner-ledger/SendCheckTrackingLinkButton.tsx","142","executable_or_ui","prior_public_homeowner_88","false","UNTESTED","","","","","",""
"A7-116","homeowner","SendCheckTrackingLinkButton","Done","Button","src/components/homeowner-ledger/SendCheckTrackingLinkButton.tsx","151","executable_or_ui","prior_public_homeowner_88","false","UNTESTED","","","","","",""
"A7-117","homeowner","SendCheckTrackingLinkButton","Homeowner name","Input","src/components/homeowner-ledger/SendCheckTrackingLinkButton.tsx","159","executable_or_ui","prior_public_homeowner_88","false","UNTESTED","","","","","",""
"A7-118","homeowner","SendCheckTrackingLinkButton","Email","Input(email)","src/components/homeowner-ledger/SendCheckTrackingLinkButton.tsx","163","executable_or_ui","prior_public_homeowner_88","false","UNTESTED","","","","","",""
"A7-119","homeowner","SendCheckTrackingLinkButton","Phone (optional)","Input","src/components/homeowner-ledger/SendCheckTrackingLinkButton.tsx","167","executable_or_ui","prior_public_homeowner_88","false","UNTESTED","","","","","",""
"A7-120","homeowner","SendCheckTrackingLinkButton","Cancel","Button","src/components/homeowner-ledger/SendCheckTrackingLinkButton.tsx","171","executable_or_ui","prior_public_homeowner_88","false","UNTESTED","","","","","",""
"A7-121","homeowner","SendCheckTrackingLinkButton","Send link","Button","src/components/homeowner-ledger/SendCheckTrackingLinkButton.tsx","172","email_blocked","prior_public_homeowner_88","false","UNTESTED","","","","","",""
"A7-122","homeowner","SendHomeownerUploadLink","Homeowner name","Input","src/components/homeowner-ledger/SendHomeownerUploadLink.tsx","117","executable_or_ui","prior_public_homeowner_88","false","PASS","","/opt/cursor/artifacts/pass3_c1c_homeowner_uploads.webp","3","c1c_admin","/c1c/checks","Homeowner Uploads filled name/email (phone empty)"
"A7-123","homeowner","SendHomeownerUploadLink","Email","Input(email)","src/components/homeowner-ledger/SendHomeownerUploadLink.tsx","118","executable_or_ui","prior_public_homeowner_88","false","PASS","","/opt/cursor/artifacts/pass3_c1c_homeowner_uploads.webp","3","c1c_admin","/c1c/checks","Homeowner Uploads filled name/email (phone empty)"
"A7-124","homeowner","SendHomeownerUploadLink","Phone","Input","src/components/homeowner-ledger/SendHomeownerUploadLink.tsx","119","executable_or_ui","prior_public_homeowner_88","false","PASS","","/opt/cursor/artifacts/pass3_c1c_homeowner_uploads.webp","3","c1c_admin","/c1c/checks","Homeowner Uploads filled name/email (phone empty)"
"A7-125","homeowner","SendHomeownerUploadLink","Send upload link","Button","src/components/homeowner-ledger/SendHomeownerUploadLink.tsx","122","email_blocked","prior_public_homeowner_88","false","BLOCKED","Send upload link would email; email/SES workstream","","3","c1c_admin","/c1c/checks","not clicked"
"A7-126","homeowner","SendHomeownerUploadLink","Copy","Button","src/components/homeowner-ledger/SendHomeownerUploadLink.tsx","157","executable_or_ui","prior_public_homeowner_88","false","PASS","","/opt/cursor/artifacts/pass3_homeowner_upload_preview.webp","3","c1c_admin","/c1c/checks","Homeowner Uploads Copy and Preview"
"A7-127","homeowner","SendHomeownerUploadLink","Preview","Button","src/components/homeowner-ledger/SendHomeownerUploadLink.tsx","160","executable_or_ui","prior_public_homeowner_88","false","PASS","","/opt/cursor/artifacts/pass3_homeowner_upload_preview.webp","3","c1c_admin","/c1c/checks","Homeowner Uploads Copy and Preview"
"A7-128","homeowner","SendHomeownerUploadLink","Revoke","Button","src/components/homeowner-ledger/SendHomeownerUploadLink.tsx","163","executable_or_ui","prior_public_homeowner_88","false","UNTESTED","","","","","",""
"A8-001","public","CheckCenterMarketing","Send $8,420.00","Button","src/pages/marketing/CheckCenterMarketing.tsx","120","executable_or_ui","prior_public_homeowner_88","false","UNTESTED","","","","","",""
"A8-002","public","CheckCenterMarketing","Add funds","Button","src/pages/marketing/CheckCenterMarketing.tsx","153","provider_blocked","prior_public_homeowner_88","false","UNTESTED","","","","","",""
"A8-003","public","CheckCenterMarketing","Capabilities","Link","src/pages/marketing/CheckCenterMarketing.tsx","362","executable_or_ui","prior_public_homeowner_88","false","PASS","","FUNCTIONAL_E2E_AUDIT_2026-09-11.md Pass 2","2","anon","/","clicked in Pass 2"
"A8-004","public","CheckCenterMarketing","Workflow","Link","src/pages/marketing/CheckCenterMarketing.tsx","363","executable_or_ui","prior_public_homeowner_88","false","PASS","","FUNCTIONAL_E2E_AUDIT_2026-09-11.md Pass 2","2","anon","/","clicked in Pass 2"
"A8-005","public","CheckCenterMarketing","Money Movement","Link","src/pages/marketing/CheckCenterMarketing.tsx","364","executable_or_ui","prior_public_homeowner_88","false","PASS","","FUNCTIONAL_E2E_AUDIT_2026-09-11.md Pass 2","2","anon","/","clicked in Pass 2"
"A8-006","public","CheckCenterMarketing","Partners","Link","src/pages/marketing/CheckCenterMarketing.tsx","365","executable_or_ui","prior_public_homeowner_88","false","PASS","","FUNCTIONAL_E2E_AUDIT_2026-09-11.md Pass 2","2","anon","/","clicked in Pass 2"
"A8-007","public","CheckCenterMarketing","Security","Link","src/pages/marketing/CheckCenterMarketing.tsx","366","executable_or_ui","prior_public_homeowner_88","false","PASS","","FUNCTIONAL_E2E_AUDIT_2026-09-11.md Pass 2","2","anon","/","clicked in Pass 2"
"A8-008","public","CheckCenterMarketing","Demo","Link","src/pages/marketing/CheckCenterMarketing.tsx","367","executable_or_ui","prior_public_homeowner_88","false","PASS","","FUNCTIONAL_E2E_AUDIT_2026-09-11.md Pass 2","2","anon","/","clicked in Pass 2"
"A8-009","public","CheckCenterMarketing","Sign in","Button","src/pages/marketing/CheckCenterMarketing.tsx","370","executable_or_ui","prior_public_homeowner_88","false","PASS","","FUNCTIONAL_E2E_AUDIT_2026-09-11.md Pass 2","2","anon","/","clicked in Pass 2"
"A8-010","public","CheckCenterMarketing","Menu","Button","src/pages/marketing/CheckCenterMarketing.tsx","373","executable_or_ui","prior_public_homeowner_88","false","PASS","","FUNCTIONAL_E2E_AUDIT_2026-09-11.md Pass 2","2","anon","/","clicked in Pass 2"
"A8-011","public","CheckCenterMarketing","(link)","Link","src/pages/marketing/CheckCenterMarketing.tsx","381","executable_or_ui","prior_public_homeowner_88","false","UNTESTED","","","","","",""
"A8-012","public","CheckCenterMarketing","Log in","Link","src/pages/marketing/CheckCenterMarketing.tsx","385","executable_or_ui","prior_public_homeowner_88","false","PASS","","FUNCTIONAL_E2E_AUDIT_2026-09-11.md Pass 2","2","anon","/","clicked in Pass 2"
"A8-013","public","CheckCenterMarketing","Book a live demo","Button","src/pages/marketing/CheckCenterMarketing.tsx","418","email_blocked","prior_public_homeowner_88","false","PASS","","FUNCTIONAL_E2E_AUDIT_2026-09-11.md Pass 2","2","anon","/","clicked in Pass 2"
"A8-014","public","CheckCenterMarketing","Sign in","Button","src/pages/marketing/CheckCenterMarketing.tsx","421","executable_or_ui","prior_public_homeowner_88","false","PASS","","FUNCTIONAL_E2E_AUDIT_2026-09-11.md Pass 2","2","anon","/","clicked in Pass 2"
"A8-015","public","CheckCenterMarketing","Upload loss-draft documents","Button","src/pages/marketing/CheckCenterMarketing.tsx","597","executable_or_ui","prior_public_homeowner_88","false","UNTESTED","","","","","",""
"A8-016","public","CheckCenterMarketing","Name *","Input","src/pages/marketing/CheckCenterMarketing.tsx","776","executable_or_ui","prior_public_homeowner_88","false","PASS","","FUNCTIONAL_E2E_AUDIT_2026-09-11.md Pass 2","2","anon","/","clicked in Pass 2"
"A8-017","public","CheckCenterMarketing","Work email *","Input(email)","src/pages/marketing/CheckCenterMarketing.tsx","780","executable_or_ui","prior_public_homeowner_88","false","PASS","","FUNCTIONAL_E2E_AUDIT_2026-09-11.md Pass 2","2","anon","/","clicked in Pass 2"
"A8-018","public","CheckCenterMarketing","Company","Input","src/pages/marketing/CheckCenterMarketing.tsx","786","executable_or_ui","prior_public_homeowner_88","false","PASS","","FUNCTIONAL_E2E_AUDIT_2026-09-11.md Pass 2","2","anon","/","clicked in Pass 2"
"A8-019","public","CheckCenterMarketing","Role","Input","src/pages/marketing/CheckCenterMarketing.tsx","790","executable_or_ui","prior_public_homeowner_88","false","UNTESTED","","","","","",""
"A8-020","public","CheckCenterMarketing","What would you like to see?","Textarea","src/pages/marketing/CheckCenterMarketing.tsx","795","executable_or_ui","prior_public_homeowner_88","false","UNTESTED","","","","","",""
"A8-021","public","CheckCenterMarketing","Sending… / Request demo","Button","src/pages/marketing/CheckCenterMarketing.tsx","797","email_blocked","prior_public_homeowner_88","false","BLOCKED","email/SES workstream — Request demo not submitted","FUNCTIONAL_E2E_AUDIT_2026-09-11.md Pass 2","2","anon","/","clicked in Pass 2"
"A8-022","public","CheckCenterMarketing","(link)","Link","src/pages/marketing/CheckCenterMarketing.tsx","805","executable_or_ui","prior_public_homeowner_88","false","UNTESTED","","","","","",""
"A8-023","public","CheckCenterMarketing","Support","Link","src/pages/marketing/CheckCenterMarketing.tsx","822","executable_or_ui","prior_public_homeowner_88","false","PASS","","FUNCTIONAL_E2E_AUDIT_2026-09-11.md Pass 2","2","anon","/","clicked in Pass 2"
"A8-024","public","CheckCenterMarketing","Sign in","Link","src/pages/marketing/CheckCenterMarketing.tsx","823","executable_or_ui","prior_public_homeowner_88","false","PASS","","FUNCTIONAL_E2E_AUDIT_2026-09-11.md Pass 2","2","anon","/","clicked in Pass 2"
"A8-025","public","CheckCenterMarketing","Book demo","Link","src/pages/marketing/CheckCenterMarketing.tsx","824","executable_or_ui","prior_public_homeowner_88","false","PASS","","FUNCTIONAL_E2E_AUDIT_2026-09-11.md Pass 2","2","anon","/","clicked in Pass 2"
"A8-026","public","CheckCenterMarketing","Privacy Notice","Link","src/pages/marketing/CheckCenterMarketing.tsx","825","executable_or_ui","prior_public_homeowner_88","false","PASS","","FUNCTIONAL_E2E_AUDIT_2026-09-11.md Pass 2","2","anon","/","clicked in Pass 2"
"A8-027","public","CheckCenterMarketing","Terms of Service","Link","src/pages/marketing/CheckCenterMarketing.tsx","826","executable_or_ui","prior_public_homeowner_88","false","PASS","","FUNCTIONAL_E2E_AUDIT_2026-09-11.md Pass 2","2","anon","/","clicked in Pass 2"
"A8-028","public","CheckOpsLogin","Email verification code","Input","src/pages/checkops/CheckOpsLogin.tsx","189","executable_or_ui","prior_public_homeowner_88","false","UNTESTED","","","","","",""
"A8-029","public","CheckOpsLogin","Verify and sign in","Button","src/pages/checkops/CheckOpsLogin.tsx","191","executable_or_ui","prior_public_homeowner_88","false","UNTESTED","","","","","",""
"A8-030","public","CheckOpsLogin","Request a new code","Button","src/pages/checkops/CheckOpsLogin.tsx","192","executable_or_ui","prior_public_homeowner_88","false","UNTESTED","","","","","",""
"A8-031","public","CheckOpsLogin","Email","Input(email)","src/pages/checkops/CheckOpsLogin.tsx","198","executable_or_ui","prior_public_homeowner_88","false","PASS","","FUNCTIONAL_E2E_AUDIT_2026-09-11.md Pass 2","2","anon","/login","clicked login methods; password not submitted in unauth session then later used"
"A8-032","public","CheckOpsLogin","Password","Input(password)","src/pages/checkops/CheckOpsLogin.tsx","202","executable_or_ui","prior_public_homeowner_88","false","PASS","","FUNCTIONAL_E2E_AUDIT_2026-09-11.md Pass 2","2","anon","/login","clicked login methods; password not submitted in unauth session then later used"
"A8-033","public","CheckOpsLogin","Sign in with a passkey","Button","src/pages/checkops/CheckOpsLogin.tsx","208","executable_or_ui","prior_public_homeowner_88","false","PASS","","FUNCTIONAL_E2E_AUDIT_2026-09-11.md Pass 2","2","anon","/login","clicked login methods; password not submitted in unauth session then later used"
"A8-034","public","CheckOpsLogin","Email me a verification code / Email me a sign-in link","Button","src/pages/checkops/CheckOpsLogin.tsx","211","email_blocked","prior_public_homeowner_88","false","PASS","","FUNCTIONAL_E2E_AUDIT_2026-09-11.md Pass 2","2","anon","/login","clicked login methods; password not submitted in unauth session then later used"
"A8-035","public","CheckOpsLogin","Sign in with password","Button","src/pages/checkops/CheckOpsLogin.tsx","214","executable_or_ui","prior_public_homeowner_88","false","FAIL","","FUNCTIONAL_E2E_AUDIT_2026-09-11.md Pass 2","2","freedom_admin","/login","clicked in Pass 2"
"A8-036","public","CheckOpsLogin","Use email verification / passkey instead / Use staging password (master UAT)","Button","src/pages/checkops/CheckOpsLogin.tsx","217","executable","prior_public_homeowner_88","false","PASS","","FUNCTIONAL_E2E_AUDIT_2026-09-11.md Pass 2","2","anon","/login","clicked login methods; password not submitted in unauth session then later used"
"A8-037","public","CheckOpsLogin","Need an account? Create one","Button","src/pages/checkops/CheckOpsLogin.tsx","228","executable_or_ui","prior_public_homeowner_88","false","PASS","","FUNCTIONAL_E2E_AUDIT_2026-09-11.md Pass 2","2","anon","/login","clicked login methods; password not submitted in unauth session then later used"
"A8-038","public","CheckOpsLogin","Back to checksops.com","Button","src/pages/checkops/CheckOpsLogin.tsx","228","executable_or_ui","prior_public_homeowner_88","false","PASS","","FUNCTIONAL_E2E_AUDIT_2026-09-11.md Pass 2","2","anon","/login","clicked login methods; password not submitted in unauth session then later used"
"A8-039","public","CheckOpsSignup","Back to sign in","Button","src/pages/checkops/CheckOpsSignup.tsx","81","executable_or_ui","prior_public_homeowner_88","false","PASS","","FUNCTIONAL_E2E_AUDIT_2026-09-11.md Pass 2","2","anon","/signup","clicked methods; account not created"
"A8-040","public","CheckOpsSignup","Full name","Input","src/pages/checkops/CheckOpsSignup.tsx","110","executable_or_ui","prior_public_homeowner_88","false","PASS","","FUNCTIONAL_E2E_AUDIT_2026-09-11.md Pass 2","2","anon","/signup","clicked methods; account not created"
"A8-041","public","CheckOpsSignup","Work email","Input(email)","src/pages/checkops/CheckOpsSignup.tsx","114","executable_or_ui","prior_public_homeowner_88","false","PASS","","FUNCTIONAL_E2E_AUDIT_2026-09-11.md Pass 2","2","anon","/signup","clicked methods; account not created"
"A8-042","public","CheckOpsSignup","Passkey Recommended Fastest and most secure. Face ID, Touch ID, Windows Hello or a security key — nothing to remember and nothing to phish.","Button","src/pages/checkops/CheckOpsSignup.tsx","127","executable_or_ui","prior_public_homeowner_88","false","PASS","","FUNCTIONAL_E2E_AUDIT_2026-09-11.md Pass 2","2","anon","/signup","clicked methods; account not created"
"A8-043","public","CheckOpsSignup","Email sign-in link We email you a one-time link each time you sign in. Slower, and only as safe as your inbox.","Button","src/pages/checkops/CheckOpsSignup.tsx","145","provider_blocked","prior_public_homeowner_88","false","PASS","","FUNCTIONAL_E2E_AUDIT_2026-09-11.md Pass 2","2","anon","/signup","clicked methods; account not created"
"A8-044","public","CheckOpsSignup","Create account","Button","src/pages/checkops/CheckOpsSignup.tsx","169","executable_or_ui","prior_public_homeowner_88","false","UNTESTED","","","","","",""
"A8-045","public","CheckOpsSignup","Already have an account?","Button","src/pages/checkops/CheckOpsSignup.tsx","176","executable_or_ui","prior_public_homeowner_88","false","PASS","","FUNCTIONAL_E2E_AUDIT_2026-09-11.md Pass 2","2","anon","/signup","clicked methods; account not created"
"A8-046","public","CheckOpsPricing","/","Link","src/pages/checkops/CheckOpsPricing.tsx","36","executable_or_ui","prior_public_homeowner_88","false","PASS","","FUNCTIONAL_E2E_AUDIT_2026-09-11.md Pass 2","2","anon","/pricing","clicked in Pass 2"
"A8-047","public","CheckOpsPricing","Capabilities","Link","src/pages/checkops/CheckOpsPricing.tsx","40","executable_or_ui","prior_public_homeowner_88","false","PASS","","FUNCTIONAL_E2E_AUDIT_2026-09-11.md Pass 2","2","anon","/pricing","clicked in Pass 2"
"A8-048","public","CheckOpsPricing","Workflow","Link","src/pages/checkops/CheckOpsPricing.tsx","41","executable_or_ui","prior_public_homeowner_88","false","PASS","","FUNCTIONAL_E2E_AUDIT_2026-09-11.md Pass 2","2","anon","/pricing","clicked in Pass 2"
"A8-049","public","CheckOpsPricing","Security","Link","src/pages/checkops/CheckOpsPricing.tsx","42","executable_or_ui","prior_public_homeowner_88","false","PASS","","FUNCTIONAL_E2E_AUDIT_2026-09-11.md Pass 2","2","anon","/pricing","clicked in Pass 2"
"A8-050","public","CheckOpsPricing","Log in","Button","src/pages/checkops/CheckOpsPricing.tsx","46","executable_or_ui","prior_public_homeowner_88","false","PASS","","FUNCTIONAL_E2E_AUDIT_2026-09-11.md Pass 2","2","anon","/pricing","clicked in Pass 2"
"A8-051","public","CheckOpsPricing","Talk to us","Button","src/pages/checkops/CheckOpsPricing.tsx","49","executable_or_ui","prior_public_homeowner_88","false","PASS","","FUNCTIONAL_E2E_AUDIT_2026-09-11.md Pass 2","2","anon","/pricing","clicked in Pass 2"
"A8-052","public","CheckOpsPricing","Schedule onboarding","Button","src/pages/checkops/CheckOpsPricing.tsx","210","executable_or_ui","prior_public_homeowner_88","false","UNTESTED","","","","","",""
"A8-053","public","CheckOpsPricing","Sign in","Button","src/pages/checkops/CheckOpsPricing.tsx","213","executable_or_ui","prior_public_homeowner_88","false","UNTESTED","","","","","",""
"A8-054","public","CheckOpsSecurity","/","Link","src/pages/checkops/CheckOpsSecurity.tsx","114","executable_or_ui","prior_public_homeowner_88","false","PASS","","FUNCTIONAL_E2E_AUDIT_2026-09-11.md Pass 2","2","anon","/security","clicked in Pass 2"
"A8-055","public","CheckOpsSecurity","Capabilities","Link","src/pages/checkops/CheckOpsSecurity.tsx","118","executable_or_ui","prior_public_homeowner_88","false","UNTESTED","","","","","",""
"A8-056","public","CheckOpsSecurity","Workflow","Link","src/pages/checkops/CheckOpsSecurity.tsx","119","executable_or_ui","prior_public_homeowner_88","false","UNTESTED","","","","","",""
"A8-057","public","CheckOpsSecurity","Pricing","Link","src/pages/checkops/CheckOpsSecurity.tsx","121","executable_or_ui","prior_public_homeowner_88","false","UNTESTED","","","","","",""
"A8-058","public","CheckOpsSecurity","Log in","Button","src/pages/checkops/CheckOpsSecurity.tsx","124","executable_or_ui","prior_public_homeowner_88","false","PASS","","FUNCTIONAL_E2E_AUDIT_2026-09-11.md Pass 2","2","anon","/security","clicked in Pass 2"
"A8-059","public","CheckOpsSecurity","Talk to us","Button","src/pages/checkops/CheckOpsSecurity.tsx","127","executable_or_ui","prior_public_homeowner_88","false","UNTESTED","","","","","",""
"A8-060","public","CheckOpsSecurity","security@checksops.com","Link","src/pages/checkops/CheckOpsSecurity.tsx","296","executable_or_ui","prior_public_homeowner_88","false","UNTESTED","","","","","",""
"A8-061","public","CheckOpsSecurity","Talk to us","Button","src/pages/checkops/CheckOpsSecurity.tsx","311","executable_or_ui","prior_public_homeowner_88","false","UNTESTED","","","","","",""
"A8-062","public","CheckOpsSecurity","See pricing","Button","src/pages/checkops/CheckOpsSecurity.tsx","314","executable_or_ui","prior_public_homeowner_88","false","UNTESTED","","","","","",""
"A8-063","public","CheckOpsSecurity","Privacy","Link","src/pages/checkops/CheckOpsSecurity.tsx","324","executable_or_ui","prior_public_homeowner_88","false","PASS","","FUNCTIONAL_E2E_AUDIT_2026-09-11.md Pass 2","2","anon","/security","clicked in Pass 2"
"A8-064","public","CheckOpsSecurity","Security","Link","src/pages/checkops/CheckOpsSecurity.tsx","325","executable_or_ui","prior_public_homeowner_88","false","UNTESTED","","","","","",""
"A8-065","public","CheckOpsSecurity","Pricing","Link","src/pages/checkops/CheckOpsSecurity.tsx","326","executable_or_ui","prior_public_homeowner_88","false","UNTESTED","","","","","",""
"A8-066","public","PrivacyNotice","Your name","Input","src/pages/PrivacyNotice.tsx","180","executable_or_ui","prior_public_homeowner_88","false","PASS","","FUNCTIONAL_E2E_AUDIT_2026-09-11.md Pass 2","2","anon","/privacy-notice","page loaded; acknowledgment not submitted with real email"
"A8-067","public","PrivacyNotice","Email *","Input(email)","src/pages/PrivacyNotice.tsx","184","executable_or_ui","prior_public_homeowner_88","false","PASS","","FUNCTIONAL_E2E_AUDIT_2026-09-11.md Pass 2","2","anon","/privacy-notice","page loaded; acknowledgment not submitted with real email"
"A8-068","public","PrivacyNotice","Recording… / I acknowledge receipt of this Privacy Notice","Button","src/pages/PrivacyNotice.tsx","187","executable_or_ui","prior_public_homeowner_88","false","PASS","","FUNCTIONAL_E2E_AUDIT_2026-09-11.md Pass 2","2","anon","/privacy-notice","page loaded; acknowledgment not submitted with real email"
"A8-069","public","Terms","/","Link","src/pages/Terms.tsx","33","executable_or_ui","prior_public_homeowner_88","false","PASS","","FUNCTIONAL_E2E_AUDIT_2026-09-11.md Pass 2","2","anon","/terms","clicked in Pass 2"
"A8-070","public","Terms","Privacy Notice","Link","src/pages/Terms.tsx","165","executable_or_ui","prior_public_homeowner_88","false","PASS","","FUNCTIONAL_E2E_AUDIT_2026-09-11.md Pass 2","2","anon","/terms","clicked in Pass 2"
"A8-071","public","Terms","(link)","Link","src/pages/Terms.tsx","293","executable_or_ui","prior_public_homeowner_88","false","UNTESTED","","","","","",""
"A8-072","public","Terms","Home","Link","src/pages/Terms.tsx","301","executable_or_ui","prior_public_homeowner_88","false","PASS","","FUNCTIONAL_E2E_AUDIT_2026-09-11.md Pass 2","2","anon","/terms","clicked in Pass 2"
"A8-073","public","Terms","Privacy Notice","Link","src/pages/Terms.tsx","302","executable_or_ui","prior_public_homeowner_88","false","PASS","","FUNCTIONAL_E2E_AUDIT_2026-09-11.md Pass 2","2","anon","/terms","clicked in Pass 2"
"A8-074","public","Terms","Security","Link","src/pages/Terms.tsx","303","executable_or_ui","prior_public_homeowner_88","false","UNTESTED","","","","","",""
"A8-075","public","FindAPro","you@example.com","Input(email)","src/pages/FindAPro.tsx","117","executable_or_ui","prior_public_homeowner_88","false","PASS","","FUNCTIONAL_E2E_AUDIT_2026-09-11.md Pass 2","2","anon","/find-a-pro","ZIP/filters; Contact this Pro not clicked"
"A8-076","public","FindAPro","33101","Input","src/pages/FindAPro.tsx","121","executable_or_ui","prior_public_homeowner_88","false","PASS","","FUNCTIONAL_E2E_AUDIT_2026-09-11.md Pass 2","2","anon","/find-a-pro","ZIP/filters; Contact this Pro not clicked"
"A8-077","public","FindAPro","(icon/unlabeled Button)","Button","src/pages/FindAPro.tsx","123","executable_or_ui","prior_public_homeowner_88","false","UNTESTED","","","","","",""
"A8-078","public","FindAPro","change","Button","src/pages/FindAPro.tsx","214","executable_or_ui","prior_public_homeowner_88","false","UNTESTED","","","","","",""
"A8-079","public","FindAPro","Search name or specialty","Input","src/pages/FindAPro.tsx","230","executable_or_ui","prior_public_homeowner_88","false","PASS","","FUNCTIONAL_E2E_AUDIT_2026-09-11.md Pass 2","2","anon","/find-a-pro","ZIP/filters; Contact this Pro not clicked"
"A8-080","public","FindAPro","(Select)","Select","src/pages/FindAPro.tsx","233","executable_or_ui","prior_public_homeowner_88","false","PASS","","FUNCTIONAL_E2E_AUDIT_2026-09-11.md Pass 2","2","anon","/find-a-pro","ZIP/filters; Contact this Pro not clicked"
"A8-081","public","FindAPro","(Select)","Select","src/pages/FindAPro.tsx","240","executable_or_ui","prior_public_homeowner_88","false","PASS","","FUNCTIONAL_E2E_AUDIT_2026-09-11.md Pass 2","2","anon","/find-a-pro","ZIP/filters; Contact this Pro not clicked"
"A8-082","public","FindAPro","(Select)","Select","src/pages/FindAPro.tsx","247","executable_or_ui","prior_public_homeowner_88","false","PASS","","FUNCTIONAL_E2E_AUDIT_2026-09-11.md Pass 2","2","anon","/find-a-pro","ZIP/filters; Contact this Pro not clicked"
"A8-083","public","FindAPro","Update Results","Button","src/pages/FindAPro.tsx","255","executable_or_ui","prior_public_homeowner_88","false","PASS","","FUNCTIONAL_E2E_AUDIT_2026-09-11.md Pass 2","2","anon","/find-a-pro","ZIP/filters; Contact this Pro not clicked"
"A8-084","public","FindAPro","Contact this Pro","Button","src/pages/FindAPro.tsx","329","executable_or_ui","prior_public_homeowner_88","false","BLOCKED","would email a real contractor","FUNCTIONAL_E2E_AUDIT_2026-09-11.md Pass 2","2","anon","/find-a-pro","clicked in Pass 2"
"A8-085","public","FindAPro","G View Google Reviews","Link","src/pages/FindAPro.tsx","405","executable_or_ui","prior_public_homeowner_88","false","UNTESTED","","","","","",""
"A8-086","public","FindAPro","ChecksOps home","Link","src/pages/FindAPro.tsx","446","executable_or_ui","prior_public_homeowner_88","false","UNTESTED","","","","","",""
"A8-087","public","FindAPro","Privacy","Link","src/pages/FindAPro.tsx","462","executable_or_ui","prior_public_homeowner_88","false","UNTESTED","","","","","",""
"A8-088","public","FindAPro","About ChecksOps","Link","src/pages/FindAPro.tsx","463","executable_or_ui","prior_public_homeowner_88","false","UNTESTED","","","","","",""
"CC-001","check_center","AdminCheckTracker","","Button","src/components/check-review/AdminCheckTracker.tsx","334","executable_or_ui","prior_check_center_121","true","UNTESTED","","","","","",""
"CC-002","check_center","AdminCheckTracker","Search by check #, carrier, payee, amount, or check ID...","Input","src/components/check-review/AdminCheckTracker.tsx","372","executable_or_ui","prior_check_center_121","true","UNTESTED","","","","","",""
"CC-003","check_center","AdminCheckTracker","","TabsTrigger","src/components/check-review/AdminCheckTracker.tsx","383","executable_or_ui","prior_check_center_121","true","UNTESTED","","","","","",""
"CC-004","check_center","AdminCheckTracker","","TabsTrigger","src/components/check-review/AdminCheckTracker.tsx","386","executable_or_ui","prior_check_center_121","true","UNTESTED","","","","","",""
"CC-005","check_center","AdminCheckTracker","","TabsTrigger","src/components/check-review/AdminCheckTracker.tsx","389","executable_or_ui","prior_check_center_121","true","UNTESTED","","","","","",""
"CC-006","check_center","AdminCheckTracker","","TabsTrigger","src/components/check-review/AdminCheckTracker.tsx","392","executable_or_ui","prior_check_center_121","true","UNTESTED","","","","","",""
"CC-007","check_center","AdminCheckTracker","e.g. CHK-20260503-001","Input","src/components/check-review/AdminCheckTracker.tsx","467","executable_or_ui","prior_check_center_121","true","UNTESTED","","","","","",""
"CC-008","check_center","AdminCheckTracker","0.00","Input","src/components/check-review/AdminCheckTracker.tsx","476","executable_or_ui","prior_check_center_121","true","UNTESTED","","","","","",""
"CC-009","check_center","AdminCheckTracker","","Button","src/components/check-review/AdminCheckTracker.tsx","488","executable_or_ui","prior_check_center_121","true","UNTESTED","","","","","",""
"CC-010","check_center","AdminCheckTracker","","Button","src/components/check-review/AdminCheckTracker.tsx","491","executable_or_ui","prior_check_center_121","true","UNTESTED","","","","","",""
"CC-011","check_center","AdminCheckTracker","Why this override is needed","Textarea","src/components/check-review/AdminCheckTracker.tsx","510","executable_or_ui","prior_check_center_121","true","UNTESTED","","","","","",""
"CC-012","check_center","AdminCheckTracker","","Button","src/components/check-review/AdminCheckTracker.tsx","519","executable_or_ui","prior_check_center_121","true","UNTESTED","","","","","",""
"CC-013","check_center","AdminCheckTracker","","Button","src/components/check-review/AdminCheckTracker.tsx","522","executable_or_ui","prior_check_center_121","true","UNTESTED","","","","","",""
"CC-014","check_center","AdminCheckTracker","","Button","src/components/check-review/AdminCheckTracker.tsx","557","executable_or_ui","prior_check_center_121","true","UNTESTED","","","","","",""
"CC-015","check_center","AdminCheckTracker","","Button","src/components/check-review/AdminCheckTracker.tsx","560","executable_or_ui","prior_check_center_121","true","UNTESTED","","","","","",""
"CC-016","check_center","AdminCheckTracker","","Button","src/components/check-review/AdminCheckTracker.tsx","672","executable_or_ui","prior_check_center_121","true","UNTESTED","","","","","",""
"CC-017","check_center","AdminCheckTracker",")}","Button","src/components/check-review/AdminCheckTracker.tsx","676","executable_or_ui","prior_check_center_121","true","UNTESTED","","","","","",""
"CC-018","check_center","AdminCheckTracker","","Button","src/components/check-review/AdminCheckTracker.tsx","679","executable_or_ui","prior_check_center_121","true","UNTESTED","","","","","",""
"CC-019","check_center","AdminCheckTracker","","SelectTrigger","src/components/check-review/AdminCheckTracker.tsx","709","executable_or_ui","prior_check_center_121","true","UNTESTED","","","","","",""
"CC-020","check_center","AdminCheckTracker","(","SelectItem","src/components/check-review/AdminCheckTracker.tsx","715","executable_or_ui","prior_check_center_121","true","UNTESTED","","","","","",""
"CC-021","check_center","CheckAdminEditDialog","","Switch","src/components/check-review/CheckAdminEditDialog.tsx","367","executable_or_ui","prior_check_center_121","true","UNTESTED","","","","","",""
"CC-022","check_center","CheckAdminEditDialog","","SelectTrigger","src/components/check-review/CheckAdminEditDialog.tsx","386","executable_or_ui","prior_check_center_121","true","UNTESTED","","","","","",""
"CC-023","check_center","CheckAdminEditDialog","(","SelectItem","src/components/check-review/CheckAdminEditDialog.tsx","389","executable_or_ui","prior_check_center_121","true","UNTESTED","","","","","",""
"CC-024","check_center","CheckAdminEditDialog","e.g. State Farm","Input","src/components/check-review/CheckAdminEditDialog.tsx","415","executable_or_ui","prior_check_center_121","true","UNTESTED","","","","","",""
"CC-025","check_center","CheckAdminEditDialog","123456","Input","src/components/check-review/CheckAdminEditDialog.tsx","424","executable_or_ui","prior_check_center_121","true","UNTESTED","","","","","",""
"CC-026","check_center","CheckAdminEditDialog","0.00","Input","src/components/check-review/CheckAdminEditDialog.tsx","433","executable_or_ui","prior_check_center_121","true","UNTESTED","","","","","",""
"CC-027","check_center","CheckAdminEditDialog","John Doe and Wells Fargo","Input","src/components/check-review/CheckAdminEditDialog.tsx","443","executable_or_ui","prior_check_center_121","true","UNTESTED","","","","","",""
"CC-028","check_center","CheckAdminEditDialog","","Input","src/components/check-review/CheckAdminEditDialog.tsx","452","executable_or_ui","prior_check_center_121","true","UNTESTED","","","","","",""
"CC-029","check_center","CheckAdminEditDialog","021000021","Input","src/components/check-review/CheckAdminEditDialog.tsx","461","executable_or_ui","prior_check_center_121","true","UNTESTED","","","","","",""
"CC-030","check_center","CheckAdminEditDialog","From bottom of check","Input","src/components/check-review/CheckAdminEditDialog.tsx","472","executable_or_ui","prior_check_center_121","true","UNTESTED","","","","","",""
"CC-031","check_center","CheckAdminEditDialog","Override Status (admin)","SelectTrigger","src/components/check-review/CheckAdminEditDialog.tsx","490","executable_or_ui","prior_check_center_121","true","UNTESTED","","","","","",""
"CC-032","check_center","CheckAdminEditDialog","(","SelectItem","src/components/check-review/CheckAdminEditDialog.tsx","493","executable_or_ui","prior_check_center_121","true","UNTESTED","","","","","",""
"CC-033","check_center","CheckAdminEditDialog","Required when changing status","Textarea","src/components/check-review/CheckAdminEditDialog.tsx","503","executable_or_ui","prior_check_center_121","true","UNTESTED","","","","","",""
"CC-034","check_center","CheckAdminEditDialog","","Button","src/components/check-review/CheckAdminEditDialog.tsx","516","executable_or_ui","prior_check_center_121","true","UNTESTED","","","","","",""
"CC-035","check_center","CheckAdminEditDialog","","Button","src/components/check-review/CheckAdminEditDialog.tsx","517","executable_or_ui","prior_check_center_121","true","UNTESTED","","","","","",""
"CC-036","check_center","CheckFilesSection","handleUpload(e.target.files)} />","Button","src/components/check-review/CheckFilesSection.tsx","201","executable_or_ui","prior_check_center_121","true","UNTESTED","","","","","",""
"CC-037","check_center","CheckFilesSection","","Button","src/components/check-review/CheckFilesSection.tsx","263","executable_or_ui","prior_check_center_121","true","UNTESTED","","","","","",""
"CC-038","check_center","CheckFilesSection","","Button","src/components/check-review/CheckFilesSection.tsx","272","executable_or_ui","prior_check_center_121","true","UNTESTED","","","","","",""
"CC-039","check_center","CheckFilesSection","","Button","src/components/check-review/CheckFilesSection.tsx","281","executable_or_ui","prior_check_center_121","true","UNTESTED","","","","","",""
"CC-040","check_center","CheckFilesSection","","Button","src/components/check-review/CheckFilesSection.tsx","299","executable_or_ui","prior_check_center_121","true","UNTESTED","","","","","",""
"CC-041","check_center","CheckReviewConsole","Class","SelectTrigger","src/components/check-review/CheckReviewConsole.tsx","459","executable_or_ui","prior_check_center_121","true","UNTESTED","","","","","",""
"CC-042","check_center","CheckReviewConsole","","SelectItem","src/components/check-review/CheckReviewConsole.tsx","463","executable_or_ui","prior_check_center_121","true","UNTESTED","","","","","",""
"CC-043","check_center","CheckReviewConsole",")}","SelectItem","src/components/check-review/CheckReviewConsole.tsx","467","executable_or_ui","prior_check_center_121","true","UNTESTED","","","","","",""
"CC-044","check_center","CheckReviewConsole",")}","SelectItem","src/components/check-review/CheckReviewConsole.tsx","470","executable_or_ui","prior_check_center_121","true","UNTESTED","","","","","",""
"CC-045","check_center","CheckReviewConsole","setClassFilter(""all"")}>Clear","Button","src/components/check-review/CheckReviewConsole.tsx","475","executable_or_ui","prior_check_center_121","true","UNTESTED","","","","","",""
"CC-046","check_center","CheckReviewConsole","Add claim #","Input","src/components/check-review/CheckReviewConsole.tsx","569","executable_or_ui","prior_check_center_121","true","UNTESTED","","","","","",""
"CC-047","check_center","CheckReviewConsole","Save claim #","Button","src/components/check-review/CheckReviewConsole.tsx","584","executable_or_ui","prior_check_center_121","true","UNTESTED","","","","","",""
"CC-048","check_center","CheckReviewConsole",")}","Button","src/components/check-review/CheckReviewConsole.tsx","597","executable_or_ui","prior_check_center_121","true","UNTESTED","","","","","",""
"CC-049","check_center","CheckReviewConsole","setFrontViewerOpen(true)}>","Button","src/components/check-review/CheckReviewConsole.tsx","926","executable_or_ui","prior_check_center_121","true","UNTESTED","","","","","",""
"CC-050","check_center","CheckReviewConsole","setBackViewerOpen(true)}>","Button","src/components/check-review/CheckReviewConsole.tsx","931","executable_or_ui","prior_check_center_121","true","UNTESTED","","","","","",""
"CC-051","check_center","CheckReviewConsole",")}","Button","src/components/check-review/CheckReviewConsole.tsx","935","executable_or_ui","prior_check_center_121","true","UNTESTED","","","","","",""
"CC-052","check_center","CheckReviewConsole","(unlabeled)","Button","src/components/check-review/CheckReviewConsole.tsx","983","executable_or_ui","prior_check_center_121","true","UNTESTED","","","","","",""
"CC-053","check_center","CheckReviewConsole",")}","Button","src/components/check-review/CheckReviewConsole.tsx","1005","executable_or_ui","prior_check_center_121","true","UNTESTED","","","","","",""
"CC-054","check_center","CheckReviewConsole","","Input","src/components/check-review/CheckReviewConsole.tsx","1078","executable_or_ui","prior_check_center_121","true","UNTESTED","","","","","",""
"CC-055","check_center","CheckReviewConsole","","Input","src/components/check-review/CheckReviewConsole.tsx","1082","executable_or_ui","prior_check_center_121","true","UNTESTED","","","","","",""
"CC-056","check_center","CheckReviewConsole","","Input","src/components/check-review/CheckReviewConsole.tsx","1086","executable_or_ui","prior_check_center_121","true","UNTESTED","","","","","",""
"CC-057","check_center","CheckReviewConsole","","Input","src/components/check-review/CheckReviewConsole.tsx","1090","executable_or_ui","prior_check_center_121","true","UNTESTED","","","","","",""
"CC-058","check_center","CheckReviewConsole","","Input","src/components/check-review/CheckReviewConsole.tsx","1094","executable_or_ui","prior_check_center_121","true","UNTESTED","","","","","",""
"CC-059","check_center","CheckReviewConsole","9 digits","Input","src/components/check-review/CheckReviewConsole.tsx","1104","executable_or_ui","prior_check_center_121","true","UNTESTED","","","","","",""
"CC-060","check_center","CheckReviewConsole","","Input","src/components/check-review/CheckReviewConsole.tsx","1115","executable_or_ui","prior_check_center_121","true","UNTESTED","","","","","",""
"CC-061","check_center","CheckReviewConsole","","Button","src/components/check-review/CheckReviewConsole.tsx","1124","executable_or_ui","prior_check_center_121","true","UNTESTED","","","","","",""
"CC-062","check_center","CheckReviewConsole","Select funds type…","SelectTrigger","src/components/check-review/CheckReviewConsole.tsx","1204","executable_or_ui","prior_check_center_121","true","UNTESTED","","","","","",""
"CC-063","check_center","CheckReviewConsole","","SelectItem","src/components/check-review/CheckReviewConsole.tsx","1208","executable_or_ui","prior_check_center_121","true","UNTESTED","","","","","",""
"CC-064","check_center","CheckReviewConsole","","SelectItem","src/components/check-review/CheckReviewConsole.tsx","1209","executable_or_ui","prior_check_center_121","true","UNTESTED","","","","","",""
"CC-065","check_center","CheckReviewConsole","Not set","SelectItem","src/components/check-review/CheckReviewConsole.tsx","1210","executable_or_ui","prior_check_center_121","true","UNTESTED","","","","","",""
"CC-066","check_center","CheckReviewConsole","ACV (Actual Cash Value)","SelectItem","src/components/check-review/CheckReviewConsole.tsx","1211","executable_or_ui","prior_check_center_121","true","UNTESTED","","","","","",""
"CC-067","check_center","CheckReviewConsole","RCV (Replacement Cost Value)","SelectItem","src/components/check-review/CheckReviewConsole.tsx","1212","executable_or_ui","prior_check_center_121","true","UNTESTED","","","","","",""
"CC-068","check_center","CheckReviewConsole","Recoverable Depreciation","SelectItem","src/components/check-review/CheckReviewConsole.tsx","1213","executable_or_ui","prior_check_center_121","true","UNTESTED","","","","","",""
"CC-069","check_center","CheckReviewConsole","Supplement","SelectItem","src/components/check-review/CheckReviewConsole.tsx","1214","executable_or_ui","prior_check_center_121","true","UNTESTED","","","","","",""
"CC-070","check_center","CheckReviewConsole","Overhead &amp; Profit (O&amp;P)","SelectItem","src/components/check-review/CheckReviewConsole.tsx","1215","executable_or_ui","prior_check_center_121","true","UNTESTED","","","","","",""
"CC-071","check_center","CheckReviewConsole","Deductible","SelectItem","src/components/check-review/CheckReviewConsole.tsx","1216","executable_or_ui","prior_check_center_121","true","UNTESTED","","","","","",""
"CC-072","check_center","CheckReviewConsole","Other Structures","SelectItem","src/components/check-review/CheckReviewConsole.tsx","1217","executable_or_ui","prior_check_center_121","true","UNTESTED","","","","","",""
"CC-073","check_center","CheckReviewConsole","Address this check is for…","Input","src/components/check-review/CheckReviewConsole.tsx","1223","executable_or_ui","prior_check_center_121","true","UNTESTED","","","","","",""
"CC-074","check_center","CheckReviewConsole","","SelectTrigger","src/components/check-review/CheckReviewConsole.tsx","1377","executable_or_ui","prior_check_center_121","true","UNTESTED","","","","","",""
"CC-075","check_center","CheckReviewConsole","(","SelectItem","src/components/check-review/CheckReviewConsole.tsx","1382","executable_or_ui","prior_check_center_121","true","UNTESTED","","","","","",""
"CC-076","check_center","CheckReviewConsole","Select override...","SelectTrigger","src/components/check-review/CheckReviewConsole.tsx","1405","executable_or_ui","prior_check_center_121","true","UNTESTED","","","","","",""
"CC-077","check_center","CheckReviewConsole","(","SelectItem","src/components/check-review/CheckReviewConsole.tsx","1410","executable_or_ui","prior_check_center_121","true","UNTESTED","","","","","",""
"CC-078","check_center","CheckReviewConsole","Optional notes about this decision...","Textarea","src/components/check-review/CheckReviewConsole.tsx","1428","executable_or_ui","prior_check_center_121","true","UNTESTED","","","","","",""
"CC-079","check_center","CheckReviewConsole","","Button","src/components/check-review/CheckReviewConsole.tsx","1439","executable_or_ui","prior_check_center_121","true","UNTESTED","","","","","",""
"CC-080","check_center","CheckReviewConsole","","Button","src/components/check-review/CheckReviewConsole.tsx","1745","executable_or_ui","prior_check_center_121","true","UNTESTED","","","","","",""
"CC-081","check_center","CheckReviewConsole","= 2 && (","Button","src/components/check-review/CheckReviewConsole.tsx","1754","executable_or_ui","prior_check_center_121","true","UNTESTED","","","","","",""
"CC-082","check_center","CheckReviewConsole","Payee name","Input","src/components/check-review/CheckReviewConsole.tsx","1769","executable_or_ui","prior_check_center_121","true","UNTESTED","","","","","",""
"CC-083","check_center","CheckReviewConsole","","SelectTrigger","src/components/check-review/CheckReviewConsole.tsx","1776","executable_or_ui","prior_check_center_121","true","UNTESTED","","","","","",""
"CC-084","check_center","CheckReviewConsole","(","SelectItem","src/components/check-review/CheckReviewConsole.tsx","1779","executable_or_ui","prior_check_center_121","true","UNTESTED","","","","","",""
"CC-085","check_center","CheckReviewConsole","","Button","src/components/check-review/CheckReviewConsole.tsx","1784","executable_or_ui","prior_check_center_121","true","UNTESTED","","","","","",""
"CC-086","check_center","CheckReviewConsole","Add Payee","Button","src/components/check-review/CheckReviewConsole.tsx","1792","executable_or_ui","prior_check_center_121","true","UNTESTED","","","","","",""
"CC-087","check_center","CheckReviewConsole","Merged payee name (optional)","Input","src/components/check-review/CheckReviewConsole.tsx","1804","executable_or_ui","prior_check_center_121","true","UNTESTED","","","","","",""
"CC-088","check_center","CheckReviewConsole","","Button","src/components/check-review/CheckReviewConsole.tsx","1810","executable_or_ui","prior_check_center_121","true","UNTESTED","","","","","",""
"CC-089","check_center","CheckReviewConsole","Payee name","Input","src/components/check-review/CheckReviewConsole.tsx","1833","executable_or_ui","prior_check_center_121","true","UNTESTED","","","","","",""
"CC-090","check_center","CheckReviewConsole","","SelectTrigger","src/components/check-review/CheckReviewConsole.tsx","1840","executable_or_ui","prior_check_center_121","true","UNTESTED","","","","","",""
"CC-091","check_center","CheckReviewConsole","(","SelectItem","src/components/check-review/CheckReviewConsole.tsx","1843","executable_or_ui","prior_check_center_121","true","UNTESTED","","","","","",""
"CC-092","check_center","CheckReviewConsole","","Button","src/components/check-review/CheckReviewConsole.tsx","1854","executable_or_ui","prior_check_center_121","true","UNTESTED","","","","","",""
"CC-093","check_center","CheckReviewConsole","Save","Button","src/components/check-review/CheckReviewConsole.tsx","1862","executable_or_ui","prior_check_center_121","true","UNTESTED","","","","","",""
"CC-094","check_center","CheckReviewConsole",")}","Checkbox","src/components/check-review/CheckReviewConsole.tsx","1871","executable_or_ui","prior_check_center_121","true","UNTESTED","","","","","",""
"CC-095","check_center","CheckReviewConsole","","Button","src/components/check-review/CheckReviewConsole.tsx","1896","executable_or_ui","prior_check_center_121","true","UNTESTED","","","","","",""
"CC-096","check_center","CheckReviewConsole","Remove payee","Button","src/components/check-review/CheckReviewConsole.tsx","1909","executable_or_ui","prior_check_center_121","true","UNTESTED","","","","","",""
"CC-097","check_center","CheckStatusWorkflow","","Button","src/components/check-review/CheckStatusWorkflow.tsx","224","executable_or_ui","prior_check_center_121","true","UNTESTED","","","","","",""
"CC-098","check_center","DepositPacketGenerator","Deposit Packet","Button","src/components/check-review/DepositPacketGenerator.tsx","236","executable_or_ui","prior_check_center_121","true","UNTESTED","","","","","",""
"CC-099","homeowner","EndorsementChecklist","Payee name","Input","src/components/check-review/EndorsementChecklist.tsx","497","executable_or_ui","prior_public_homeowner_88","true","UNTESTED","","","","","",""
"CC-100","homeowner","EndorsementChecklist","Email (optional)","Input","src/components/check-review/EndorsementChecklist.tsx","504","executable_or_ui","prior_public_homeowner_88","true","UNTESTED","","","","","",""
"CC-101","homeowner","EndorsementChecklist","","SelectTrigger","src/components/check-review/EndorsementChecklist.tsx","511","executable_or_ui","prior_public_homeowner_88","true","UNTESTED","","","","","",""
"CC-102","homeowner","EndorsementChecklist","","SelectItem","src/components/check-review/EndorsementChecklist.tsx","513","executable_or_ui","prior_public_homeowner_88","true","UNTESTED","","","","","",""
"CC-103","homeowner","EndorsementChecklist","","SelectItem","src/components/check-review/EndorsementChecklist.tsx","514","executable_or_ui","prior_public_homeowner_88","true","UNTESTED","","","","","",""
"CC-104","homeowner","EndorsementChecklist","Insured","SelectItem","src/components/check-review/EndorsementChecklist.tsx","515","executable_or_ui","prior_public_homeowner_88","true","UNTESTED","","","","","",""
"CC-105","homeowner","EndorsementChecklist","Mortgage Company","SelectItem","src/components/check-review/EndorsementChecklist.tsx","516","executable_or_ui","prior_public_homeowner_88","true","UNTESTED","","","","","",""
"CC-106","homeowner","EndorsementChecklist","Contractor","SelectItem","src/components/check-review/EndorsementChecklist.tsx","517","executable_or_ui","prior_public_homeowner_88","true","UNTESTED","","","","","",""
"CC-107","homeowner","EndorsementChecklist","","Button","src/components/check-review/EndorsementChecklist.tsx","521","executable_or_ui","prior_public_homeowner_88","true","UNTESTED","","","","","",""
"CC-108","homeowner","EndorsementChecklist","Add","Button","src/components/check-review/EndorsementChecklist.tsx","524","executable_or_ui","prior_public_homeowner_88","true","UNTESTED","","","","","",""
"CC-109","homeowner","EndorsementChecklist",") : (","Button","src/components/check-review/EndorsementChecklist.tsx","528","executable_or_ui","prior_public_homeowner_88","true","UNTESTED","","","","","",""
"CC-110","homeowner","EndorsementChecklist","","Button","src/components/check-review/EndorsementChecklist.tsx","582","executable_or_ui","prior_public_homeowner_88","true","UNTESTED","","","","","",""
"CC-111","homeowner","EndorsementChecklist","Remove ${endorsement.payee_name}","Button","src/components/check-review/EndorsementChecklist.tsx","863","executable_or_ui","prior_public_homeowner_88","true","UNTESTED","","","","","",""
"CC-112","homeowner","EndorsementChecklist","","Button","src/components/check-review/EndorsementChecklist.tsx","923","executable_or_ui","prior_public_homeowner_88","true","UNTESTED","","","","","",""
"CC-113","homeowner","EndorsementChecklist","Email","Input","src/components/check-review/EndorsementChecklist.tsx","966","executable_or_ui","prior_public_homeowner_88","true","UNTESTED","","","","","",""
"CC-114","homeowner","EndorsementChecklist","contractor@example.com","Input","src/components/check-review/EndorsementChecklist.tsx","985","executable_or_ui","prior_public_homeowner_88","true","UNTESTED","","","","","",""
"CC-115","homeowner","EndorsementChecklist","","Button","src/components/check-review/EndorsementChecklist.tsx","1007","executable_or_ui","prior_public_homeowner_88","true","UNTESTED","","","","","",""
"CC-116","homeowner","EndorsementChecklist","setInPersonOpen(true)} >","Button","src/components/check-review/EndorsementChecklist.tsx","1025","executable_or_ui","prior_public_homeowner_88","true","UNTESTED","","","","","",""
"CC-117","homeowner","EndorsementChecklist","","Button","src/components/check-review/EndorsementChecklist.tsx","1042","executable_or_ui","prior_public_homeowner_88","true","UNTESTED","","","","","",""
"CC-118","check_center","InPersonSignatureDialog","","Button","src/components/check-review/InPersonSignatureDialog.tsx","150","executable_or_ui","prior_check_center_121","true","UNTESTED","","","","","",""
"CC-119","check_center","InPersonSignatureDialog","","Checkbox","src/components/check-review/InPersonSignatureDialog.tsx","156","executable_or_ui","prior_check_center_121","true","UNTESTED","","","","","",""
"CC-120","check_center","InPersonSignatureDialog","","Button","src/components/check-review/InPersonSignatureDialog.tsx","161","executable_or_ui","prior_check_center_121","true","UNTESTED","","","","","",""
"CC-121","check_center","InPersonSignatureDialog","","Button","src/components/check-review/InPersonSignatureDialog.tsx","162","executable_or_ui","prior_check_center_121","true","UNTESTED","","","","","",""
"CC-122","check_center","LossPreventionPanel","Loss Prevention Center","Button","src/components/check-review/LossPreventionPanel.tsx","126","executable_or_ui","prior_check_center_121","true","UNTESTED","","","","","",""
"CC-123","check_center","LossPreventionPanel","","TabsTrigger","src/components/check-review/LossPreventionPanel.tsx","163","executable_or_ui","prior_check_center_121","true","UNTESTED","","","","","",""
"CC-124","check_center","LossPreventionPanel","","TabsTrigger","src/components/check-review/LossPreventionPanel.tsx","166","executable_or_ui","prior_check_center_121","true","UNTESTED","","","","","",""
"CC-125","check_center","LossPreventionPanel","","TabsTrigger","src/components/check-review/LossPreventionPanel.tsx","169","executable_or_ui","prior_check_center_121","true","UNTESTED","","","","","",""
"CC-126","check_center","LossPreventionPanel","","Button","src/components/check-review/LossPreventionPanel.tsx","241","executable_or_ui","prior_check_center_121","true","UNTESTED","","","","","",""
"CC-127","check_center","ShareCheckDialog","","Button","src/components/check-review/ShareCheckDialog.tsx","129","executable_or_ui","prior_check_center_121","true","UNTESTED","","","","","",""
"CC-128","check_center","ShareCheckDialog","Select a company...","SelectTrigger","src/components/check-review/ShareCheckDialog.tsx","153","executable_or_ui","prior_check_center_121","true","UNTESTED","","","","","",""
"CC-129","check_center","ShareCheckDialog","(","SelectItem","src/components/check-review/ShareCheckDialog.tsx","158","executable_or_ui","prior_check_center_121","true","UNTESTED","","","","","",""
"CC-130","check_center","ShareCheckDialog","","Button","src/components/check-review/ShareCheckDialog.tsx","163","executable_or_ui","prior_check_center_121","true","UNTESTED","","","","","",""
"CC-131","homeowner","SharedCheckEndorsements","Signer name","Input","src/components/check-review/SharedCheckEndorsements.tsx","160","executable_or_ui","prior_public_homeowner_88","true","UNTESTED","","","","","",""
"CC-132","homeowner","SharedCheckEndorsements","signer@example.com","Input","src/components/check-review/SharedCheckEndorsements.tsx","168","executable_or_ui","prior_public_homeowner_88","true","UNTESTED","","","","","",""
"CC-133","homeowner","SharedCheckEndorsements","Remove signer","Button","src/components/check-review/SharedCheckEndorsements.tsx","176","executable_or_ui","prior_public_homeowner_88","true","UNTESTED","","","","","",""
"CC-134","homeowner","SharedCheckEndorsements","","Button","src/components/check-review/SharedCheckEndorsements.tsx","189","executable_or_ui","prior_public_homeowner_88","true","UNTESTED","","","","","",""
"CC-135","homeowner","SharedCheckEndorsements","Add signer","Button","src/components/check-review/SharedCheckEndorsements.tsx","196","executable_or_ui","prior_public_homeowner_88","true","UNTESTED","","","","","",""
"CC-136","homeowner","SharedCheckEndorsements","Copy sign link","Button","src/components/check-review/SharedCheckEndorsements.tsx","252","executable_or_ui","prior_public_homeowner_88","true","UNTESTED","","","","","",""
"CC-137","homeowner","SharedCheckEndorsements","","Button","src/components/check-review/SharedCheckEndorsements.tsx","266","executable_or_ui","prior_public_homeowner_88","true","UNTESTED","","","","","",""
"CC-138","homeowner","SharedCheckPaymentDirection","e.g. Acme Restoration LLC","Input","src/components/check-review/SharedCheckPaymentDirection.tsx","373","executable_or_ui","prior_public_homeowner_88","true","UNTESTED","","","","","",""
"CC-139","homeowner","SharedCheckPaymentDirection","Policyholder name","Input","src/components/check-review/SharedCheckPaymentDirection.tsx","389","executable_or_ui","prior_public_homeowner_88","true","UNTESTED","","","","","",""
"CC-140","homeowner","SharedCheckPaymentDirection","insured@example.com","Input","src/components/check-review/SharedCheckPaymentDirection.tsx","405","executable_or_ui","prior_public_homeowner_88","true","UNTESTED","","","","","",""
"CC-141","homeowner","SharedCheckPaymentDirection","","Button","src/components/check-review/SharedCheckPaymentDirection.tsx","429","executable_or_ui","prior_public_homeowner_88","true","UNTESTED","","","","","",""
"CC-142","homeowner","SharedCheckPaymentDirection","","Button","src/components/check-review/SharedCheckPaymentDirection.tsx","475","executable_or_ui","prior_public_homeowner_88","true","UNTESTED","","","","","",""
"CC-143","homeowner","SharedCheckPaymentDirection","Copy sign link","Button","src/components/check-review/SharedCheckPaymentDirection.tsx","508","executable_or_ui","prior_public_homeowner_88","true","UNTESTED","","","","","",""
"CC-144","check_center","SharedCheckThread","","Textarea","src/components/check-review/SharedCheckThread.tsx","181","executable_or_ui","prior_check_center_121","true","UNTESTED","","","","","",""
"CC-145","check_center","SharedCheckThread","","Button","src/components/check-review/SharedCheckThread.tsx","194","executable_or_ui","prior_check_center_121","true","UNTESTED","","","","","",""
"CC-146","check_center","AdminDeleteCheckButton","","Button","src/components/checks/AdminDeleteCheckButton.tsx","92","executable_or_ui","prior_check_center_121","true","UNTESTED","","","","","",""
"CC-147","check_center","AdminDeleteCheckButton","e.g. Duplicate intake, voided by carrier, entered in error…","Textarea","src/components/checks/AdminDeleteCheckButton.tsx","122","executable_or_ui","prior_check_center_121","true","UNTESTED","","","","","",""
"CC-148","check_center","CheckImageCropper","","Button","src/components/checks/CheckImageCropper.tsx","281","executable_or_ui","prior_check_center_121","true","UNTESTED","","","","","",""
"CC-149","check_center","CheckImageCropper","Auto-detect","Button","src/components/checks/CheckImageCropper.tsx","284","executable_or_ui","prior_check_center_121","true","UNTESTED","","","","","",""
"CC-150","check_center","CheckImageCropper",")}","Button","src/components/checks/CheckImageCropper.tsx","293","executable_or_ui","prior_check_center_121","true","UNTESTED","","","","","",""
"CC-151","check_center","CheckImageCropper","Cancel","Button","src/components/checks/CheckImageCropper.tsx","294","executable_or_ui","prior_check_center_121","true","UNTESTED","","","","","",""
"CC-152","check_center","CheckMortgageMonitoring","Is this check monitored by a mortgage company?","Button","src/components/checks/CheckMortgageMonitoring.tsx","222","executable_or_ui","prior_check_center_121","true","UNTESTED","","","","","",""
"CC-153","check_center","CheckMortgageMonitoring","","Button","src/components/checks/CheckMortgageMonitoring.tsx","225","executable_or_ui","prior_check_center_121","true","UNTESTED","","","","","",""
"CC-154","check_center","CheckMortgageMonitoring","","Button","src/components/checks/CheckMortgageMonitoring.tsx","235","executable_or_ui","prior_check_center_121","true","UNTESTED","","","","","",""
"CC-155","check_center","CheckMortgageMonitoring","","Button","src/components/checks/CheckMortgageMonitoring.tsx","253","executable_or_ui","prior_check_center_121","true","UNTESTED","","","","","",""
"CC-156","check_center","CheckMortgageMonitoring","Tracking number (optional)","Input","src/components/checks/CheckMortgageMonitoring.tsx","328","executable_or_ui","prior_check_center_121","true","UNTESTED","","","","","",""
"CC-157","check_center","CheckMortgageMonitoring","Tracking number (optional)","Button","src/components/checks/CheckMortgageMonitoring.tsx","330","executable_or_ui","prior_check_center_121","true","UNTESTED","","","","","",""
"CC-158","check_center","CheckMortgageMonitoring","Confirm Sent","Button","src/components/checks/CheckMortgageMonitoring.tsx","333","executable_or_ui","prior_check_center_121","true","UNTESTED","","","","","",""
"CC-159","check_center","CheckMortgageMonitoring",") : (","Button","src/components/checks/CheckMortgageMonitoring.tsx","337","executable_or_ui","prior_check_center_121","true","UNTESTED","","","","","",""
"CC-160","check_center","CheckMortgageMonitoring","","Button","src/components/checks/CheckMortgageMonitoring.tsx","343","executable_or_ui","prior_check_center_121","true","UNTESTED","","","","","",""
"CC-161","check_center","CheckMortgageMonitoring","Tracking number (optional)","Input","src/components/checks/CheckMortgageMonitoring.tsx","368","executable_or_ui","prior_check_center_121","true","UNTESTED","","","","","",""
"CC-162","check_center","CheckMortgageMonitoring","Tracking number (optional)","Button","src/components/checks/CheckMortgageMonitoring.tsx","370","executable_or_ui","prior_check_center_121","true","UNTESTED","","","","","",""
"CC-163","check_center","CheckMortgageMonitoring","Confirm Sent","Button","src/components/checks/CheckMortgageMonitoring.tsx","373","executable_or_ui","prior_check_center_121","true","UNTESTED","","","","","",""
"CC-164","check_center","CheckMortgageMonitoring",") : (","Button","src/components/checks/CheckMortgageMonitoring.tsx","377","executable_or_ui","prior_check_center_121","true","UNTESTED","","","","","",""
"CC-165","check_center","CheckMortgageMonitoring","","Button","src/components/checks/CheckMortgageMonitoring.tsx","385","executable_or_ui","prior_check_center_121","true","UNTESTED","","","","","",""
"CC-166","check_center","CheckMortgageMonitoring","Request Draw","Button","src/components/checks/CheckMortgageMonitoring.tsx","388","executable_or_ui","prior_check_center_121","true","UNTESTED","","","","","",""
"CC-167","check_center","CheckMortgageMonitoring","Record Release","Button","src/components/checks/CheckMortgageMonitoring.tsx","391","executable_or_ui","prior_check_center_121","true","UNTESTED","","","","","",""
"CC-168","check_center","CheckMortgageMonitoring","Record Holdback","Button","src/components/checks/CheckMortgageMonitoring.tsx","394","executable_or_ui","prior_check_center_121","true","UNTESTED","","","","","",""
"CC-169","check_center","CheckMortgageMonitoring","Amount ($)","Input","src/components/checks/CheckMortgageMonitoring.tsx","419","executable_or_ui","prior_check_center_121","true","UNTESTED","","","","","",""
"CC-170","check_center","CheckMortgageMonitoring","Amount ($)","Textarea","src/components/checks/CheckMortgageMonitoring.tsx","420","executable_or_ui","prior_check_center_121","true","UNTESTED","","","","","",""
"CC-171","check_center","CheckMortgageMonitoring","Notes (optional)","Button","src/components/checks/CheckMortgageMonitoring.tsx","422","executable_or_ui","prior_check_center_121","true","UNTESTED","","","","","",""
"CC-172","check_center","CheckMortgageMonitoring","","Button","src/components/checks/CheckMortgageMonitoring.tsx","423","executable_or_ui","prior_check_center_121","true","UNTESTED","","","","","",""
"CC-173","check_center","CheckMortgageMonitoring","e.g. Chase Home Lending","Input","src/components/checks/CheckMortgageMonitoring.tsx","468","executable_or_ui","prior_check_center_121","true","UNTESTED","","","","","",""
"CC-174","check_center","CheckMortgageMonitoring","Loan #","Input","src/components/checks/CheckMortgageMonitoring.tsx","476","executable_or_ui","prior_check_center_121","true","UNTESTED","","","","","",""
"CC-175","check_center","CheckMortgageMonitoring","Prior contact, servicer requirements, urgency…","Textarea","src/components/checks/CheckMortgageMonitoring.tsx","484","executable_or_ui","prior_check_center_121","true","UNTESTED","","","","","",""
"CC-176","check_center","CheckMortgageMonitoring","","Button","src/components/checks/CheckMortgageMonitoring.tsx","493","executable_or_ui","prior_check_center_121","true","UNTESTED","","","","","",""
"CC-177","check_center","CheckMortgageMonitoring","","Button","src/components/checks/CheckMortgageMonitoring.tsx","496","executable_or_ui","prior_check_center_121","true","UNTESTED","","","","","",""
"CC-178","homeowner","EndorsementAdjuster","","Button","src/components/checks/EndorsementAdjuster.tsx","756","executable_or_ui","prior_public_homeowner_88","true","UNTESTED","","","","","",""
"CC-179","homeowner","EndorsementAdjuster","","Button","src/components/checks/EndorsementAdjuster.tsx","760","executable_or_ui","prior_public_homeowner_88","true","UNTESTED","","","","","",""
"CC-180","homeowner","EndorsementAdjuster","","Button","src/components/checks/EndorsementAdjuster.tsx","959","executable_or_ui","prior_public_homeowner_88","true","UNTESTED","","","","","",""
"CC-181","homeowner","EndorsementAdjuster","(","Button","src/components/checks/EndorsementAdjuster.tsx","983","executable_or_ui","prior_public_homeowner_88","true","UNTESTED","","","","","",""
"CC-182","homeowner","EndorsementAdjuster","(","Button","src/components/checks/EndorsementAdjuster.tsx","1005","executable_or_ui","prior_public_homeowner_88","true","UNTESTED","","","","","",""
"CC-183","homeowner","EndorsementAdjuster","(","Button","src/components/checks/EndorsementAdjuster.tsx","1028","executable_or_ui","prior_public_homeowner_88","true","UNTESTED","","","","","",""
"CC-184","homeowner","EndorsementAdjuster","))}","Button","src/components/checks/EndorsementAdjuster.tsx","1041","executable_or_ui","prior_public_homeowner_88","true","UNTESTED","","","","","",""
"CC-185","homeowner","EndorsementAdjuster","","Button","src/components/checks/EndorsementAdjuster.tsx","1072","executable_or_ui","prior_public_homeowner_88","true","UNTESTED","","","","","",""
"CC-186","homeowner","EndorsementAdjuster","","Button","src/components/checks/EndorsementAdjuster.tsx","1090","executable_or_ui","prior_public_homeowner_88","true","UNTESTED","","","","","",""
"CC-187","homeowner","EndorsementAdjuster","","Button","src/components/checks/EndorsementAdjuster.tsx","1094","executable_or_ui","prior_public_homeowner_88","true","UNTESTED","","","","","",""
"CC-188","homeowner","EndorsementAdjuster","","Button","src/components/checks/EndorsementAdjuster.tsx","1108","executable_or_ui","prior_public_homeowner_88","true","UNTESTED","","","","","",""
"CC-189","homeowner","EndorsementAdjuster","","Button","src/components/checks/EndorsementAdjuster.tsx","1129","executable_or_ui","prior_public_homeowner_88","true","UNTESTED","","","","","",""
"CC-190","check_center","MarkCheckReturnedDialog","Bank return reason (X9 / CheckAlt code)","SelectTrigger","src/components/checks/MarkCheckReturnedDialog.tsx","93","provider_blocked","prior_check_center_121","true","UNTESTED","","","","","",""
"CC-191","check_center","MarkCheckReturnedDialog","(","SelectItem","src/components/checks/MarkCheckReturnedDialog.tsx","98","executable_or_ui","prior_check_center_121","true","UNTESTED","","","","","",""
"CC-192","check_center","MarkCheckReturnedDialog","","Input","src/components/checks/MarkCheckReturnedDialog.tsx","109","executable_or_ui","prior_check_center_121","true","UNTESTED","","","","","",""
"CC-193","check_center","MarkCheckReturnedDialog","Bank advice number, who was notified, next step…","Textarea","src/components/checks/MarkCheckReturnedDialog.tsx","119","executable_or_ui","prior_check_center_121","true","UNTESTED","","","","","",""
"CC-194","check_center","MarkCheckReturnedDialog","","Button","src/components/checks/MarkCheckReturnedDialog.tsx","139","executable_or_ui","prior_check_center_121","true","UNTESTED","","","","","",""
"CC-195","check_center","MarkCheckReturnedDialog","","Button","src/components/checks/MarkCheckReturnedDialog.tsx","142","executable_or_ui","prior_check_center_121","true","UNTESTED","","","","","",""
"CC-196","check_center","MortgageCompaniesDirectory","","Button","src/components/checks/MortgageCompaniesDirectory.tsx","119","executable_or_ui","prior_check_center_121","true","PASS","","","3","c1c_admin","/c1c/checks","Mortgage Cos Add Company opened then Cancel"
"CC-197","check_center","MortgageCompaniesDirectory","Search by company, contact, email or phone…","Input","src/components/checks/MortgageCompaniesDirectory.tsx","128","executable_or_ui","prior_check_center_121","true","PASS","","","3","c1c_admin","/c1c/checks","Mortgage Cos search field used/visible"
"CC-198","check_center","MortgageCompaniesDirectory","(","Button","src/components/checks/MortgageCompaniesDirectory.tsx","145","executable_or_ui","prior_check_center_121","true","UNTESTED","","","","","",""
"CC-199","check_center","MortgageCompaniesDirectory","","Button","src/components/checks/MortgageCompaniesDirectory.tsx","253","executable_or_ui","prior_check_center_121","true","PASS","","","3","c1c_admin","/c1c/checks","Mortgage Cos Add Company opened then Cancel"
"CC-200","check_center","MortgageCompanyEditorDialog","e.g. Mr. Cooper","Input","src/components/checks/MortgageCompanyEditorDialog.tsx","142","executable_or_ui","prior_check_center_121","true","UNTESTED","","","","","",""
"CC-201","check_center","MortgageCompanyEditorDialog","Loss draft dept rep","Input","src/components/checks/MortgageCompanyEditorDialog.tsx","151","executable_or_ui","prior_check_center_121","true","UNTESTED","","","","","",""
"CC-202","check_center","MortgageCompanyEditorDialog","lossdraft@servicer.com","Input","src/components/checks/MortgageCompanyEditorDialog.tsx","160","executable_or_ui","prior_check_center_121","true","UNTESTED","","","","","",""
"CC-203","check_center","MortgageCompanyEditorDialog","123-456-7890","Input","src/components/checks/MortgageCompanyEditorDialog.tsx","171","executable_or_ui","prior_check_center_121","true","UNTESTED","","","","","",""
"CC-204","check_center","MortgageCompanyEditorDialog","","Input","src/components/checks/MortgageCompanyEditorDialog.tsx","180","executable_or_ui","prior_check_center_121","true","UNTESTED","","","","","",""
"CC-205","check_center","MortgageCompanyEditorDialog","https://insurance.servicer.com","Input","src/components/checks/MortgageCompanyEditorDialog.tsx","196","executable_or_ui","prior_check_center_121","true","UNTESTED","","","","","",""
"CC-206","check_center","MortgageCompanyEditorDialog","Address line 1","Input","src/components/checks/MortgageCompanyEditorDialog.tsx","212","executable_or_ui","prior_check_center_121","true","UNTESTED","","","","","",""
"CC-207","check_center","MortgageCompanyEditorDialog","Address line 1","Input","src/components/checks/MortgageCompanyEditorDialog.tsx","218","executable_or_ui","prior_check_center_121","true","UNTESTED","","","","","",""
"CC-208","check_center","MortgageCompanyEditorDialog","Address line 2 (suite, attn, etc.)","Input","src/components/checks/MortgageCompanyEditorDialog.tsx","224","executable_or_ui","prior_check_center_121","true","UNTESTED","","","","","",""
"CC-209","check_center","MortgageCompanyEditorDialog","City, State ZIP","Input","src/components/checks/MortgageCompanyEditorDialog.tsx","230","executable_or_ui","prior_check_center_121","true","UNTESTED","","","","","",""
"CC-210","check_center","MortgageCompanyEditorDialog","Address line 4 (optional)","Input","src/components/checks/MortgageCompanyEditorDialog.tsx","236","executable_or_ui","prior_check_center_121","true","UNTESTED","","","","","",""
"CC-211","check_center","MortgageCompanyEditorDialog","","Button","src/components/checks/MortgageCompanyEditorDialog.tsx","246","executable_or_ui","prior_check_center_121","true","UNTESTED","","","","","",""
"CC-212","check_center","MortgageCompanyEditorDialog","","Button","src/components/checks/MortgageCompanyEditorDialog.tsx","249","executable_or_ui","prior_check_center_121","true","UNTESTED","","","","","",""
"CC-213","check_center","ReturnedChecksPanel","How was this resolved?","Input","src/components/checks/ReturnedChecksPanel.tsx","168","executable_or_ui","prior_check_center_121","true","UNTESTED","","","","","",""
"CC-214","check_center","ReturnedChecksPanel","","Button","src/components/checks/ReturnedChecksPanel.tsx","175","executable_or_ui","prior_check_center_121","true","UNTESTED","","","","","",""
"CC-215","check_center","ReturnedChecksPanel","","Button","src/components/checks/ReturnedChecksPanel.tsx","178","executable_or_ui","prior_check_center_121","true","UNTESTED","","","","","",""
"CC-216","check_center","ReturnedChecksPanel","","Button","src/components/checks/ReturnedChecksPanel.tsx","181","executable_or_ui","prior_check_center_121","true","UNTESTED","","","","","",""
"CC-217","check_center","ReturnedChecksPanel",") : (","Button","src/components/checks/ReturnedChecksPanel.tsx","187","executable_or_ui","prior_check_center_121","true","UNTESTED","","","","","",""
"CC-218","check_center","ReuploadCheckImageButton","","Button","src/components/checks/ReuploadCheckImageButton.tsx","157","executable_or_ui","prior_check_center_121","true","UNTESTED","","","","","",""
"CC-219","check_center","ViewCheckImageButton","","Button","src/components/checks/ViewCheckImageButton.tsx","111","executable_or_ui","prior_check_center_121","true","UNTESTED","","","","","",""
"CC-220","check_center","CustomDomainWhiteLabelApp","","Button","src/components/white-label/CustomDomainWhiteLabelApp.tsx","23","executable_or_ui","prior_check_center_121","true","UNTESTED","","","","","",""
"CC-221","check_center","CustomDomainWhiteLabelApp","","Link","src/components/white-label/CustomDomainWhiteLabelApp.tsx","24","executable_or_ui","prior_check_center_121","true","UNTESTED","","","","","",""
"CC-222","check_center","CustomDomainWhiteLabelApp","","Button","src/components/white-label/CustomDomainWhiteLabelApp.tsx","29","executable_or_ui","prior_check_center_121","true","UNTESTED","","","","","",""
"CC-223","check_center","CustomDomainWhiteLabelApp","","Link","src/components/white-label/CustomDomainWhiteLabelApp.tsx","30","executable_or_ui","prior_check_center_121","true","UNTESTED","","","","","",""
"CC-224","check_center","TenantAIKeySettings","","Button","src/components/white-label/TenantAIKeySettings.tsx","203","executable_or_ui","prior_check_center_121","true","PASS","","","3","c1c_admin","/c1c/settings","AI Key tab viewed; secret not saved"
"CC-225","check_center","TenantAIKeySettings","","Button","src/components/white-label/TenantAIKeySettings.tsx","216","executable_or_ui","prior_check_center_121","true","UNTESTED","","","","","",""
"CC-226","check_center","TenantAIKeySettings","sk-...","Input","src/components/white-label/TenantAIKeySettings.tsx","286","executable_or_ui","prior_check_center_121","true","PASS","","","3","c1c_admin","/c1c/settings","AI Key tab viewed; secret not saved"
"CC-227","check_center","TenantAIKeySettings","","Button","src/components/white-label/TenantAIKeySettings.tsx","300","executable_or_ui","prior_check_center_121","true","UNTESTED","","","","","",""
"CC-228","check_center","TenantCreditManager","(","Button","src/components/white-label/TenantCreditManager.tsx","180","executable_or_ui","prior_check_center_121","true","UNTESTED","","","","","",""
"CC-229","check_center","TenantCreditManager","","Input","src/components/white-label/TenantCreditManager.tsx","196","executable_or_ui","prior_check_center_121","true","UNTESTED","","","","","",""
"CC-230","check_center","TenantCreditManager","","Button","src/components/white-label/TenantCreditManager.tsx","207","executable_or_ui","prior_check_center_121","true","UNTESTED","","","","","",""
"CC-231","check_center","TenantCreditManager","","Button","src/components/white-label/TenantCreditManager.tsx","255","executable_or_ui","prior_check_center_121","true","UNTESTED","","","","","",""
"CC-232","check_center","TenantCreditManager","Cancel anytime via Stripe customer portal.","Button","src/components/white-label/TenantCreditManager.tsx","271","executable_or_ui","prior_check_center_121","true","UNTESTED","","","","","",""
"CC-233","check_center","TenantPartnerManager","Copy partner code","Button","src/components/white-label/TenantPartnerManager.tsx","168","executable_or_ui","prior_check_center_121","true","PASS","","","3","c1c_admin","/c1c/settings","Partners Copy partner code"
"CC-234","check_center","TenantPartnerManager","e.g. AB3K7X9P","Input","src/components/white-label/TenantPartnerManager.tsx","186","executable_or_ui","prior_check_center_121","true","UNTESTED","","","","","",""
"CC-235","check_center","TenantPartnerManager","","Button","src/components/white-label/TenantPartnerManager.tsx","193","executable_or_ui","prior_check_center_121","true","UNTESTED","","","","","",""
"CC-236","check_center","TenantPartnerManager","Active","Button","src/components/white-label/TenantPartnerManager.tsx","233","executable_or_ui","prior_check_center_121","true","UNTESTED","","","","","",""
"CC-237","check_center","TenantUserManager","Email address","Input","src/components/white-label/TenantUserManager.tsx","152","executable_or_ui","prior_check_center_121","true","UNTESTED","","","","","",""
"CC-238","check_center","TenantUserManager","","SelectTrigger","src/components/white-label/TenantUserManager.tsx","159","executable_or_ui","prior_check_center_121","true","UNTESTED","","","","","",""
"CC-239","check_center","TenantUserManager","","SelectItem","src/components/white-label/TenantUserManager.tsx","163","executable_or_ui","prior_check_center_121","true","UNTESTED","","","","","",""
"CC-240","check_center","TenantUserManager","","SelectItem","src/components/white-label/TenantUserManager.tsx","164","executable_or_ui","prior_check_center_121","true","UNTESTED","","","","","",""
"CC-241","check_center","TenantUserManager","Admin","SelectItem","src/components/white-label/TenantUserManager.tsx","165","executable_or_ui","prior_check_center_121","true","UNTESTED","","","","","",""
"CC-242","check_center","TenantUserManager","","Button","src/components/white-label/TenantUserManager.tsx","170","executable_or_ui","prior_check_center_121","true","UNTESTED","","","","","",""
"CC-243","check_center","TenantUserManager","Reset two-factor authentication for ${u.email}","Button","src/components/white-label/TenantUserManager.tsx","217","executable_or_ui","prior_check_center_121","true","UNTESTED","","","","","",""
"CC-244","check_center","TenantUserManager","Resend sign-in invite","Button","src/components/white-label/TenantUserManager.tsx","233","executable_or_ui","prior_check_center_121","true","UNTESTED","","","","","",""
"CC-245","check_center","TenantUserManager","Remove user","Button","src/components/white-label/TenantUserManager.tsx","248","executable_or_ui","prior_check_center_121","true","UNTESTED","","","","","",""
"CC-246","check_center","WhiteLabelCheckCenter","","Button","src/components/white-label/WhiteLabelCheckCenter.tsx","79","executable_or_ui","prior_check_center_121","true","UNTESTED","","","","","",""
"CC-247","check_center","WhiteLabelCheckCenter","","Link","src/components/white-label/WhiteLabelCheckCenter.tsx","80","executable_or_ui","prior_check_center_121","true","UNTESTED","","","","","",""
"CC-248","check_center","WhiteLabelCheckCenter","","Button","src/components/white-label/WhiteLabelCheckCenter.tsx","86","executable_or_ui","prior_check_center_121","true","UNTESTED","","","","","",""
"CC-249","check_center","WhiteLabelCheckCenter","","Link","src/components/white-label/WhiteLabelCheckCenter.tsx","87","executable_or_ui","prior_check_center_121","true","UNTESTED","","","","","",""
"CC-250","check_center","WhiteLabelCheckCenter","","Button","src/components/white-label/WhiteLabelCheckCenter.tsx","93","executable_or_ui","prior_check_center_121","true","UNTESTED","","","","","",""
"CC-251","check_center","WhiteLabelCheckCenter","","Link","src/components/white-label/WhiteLabelCheckCenter.tsx","94","executable_or_ui","prior_check_center_121","true","UNTESTED","","","","","",""
"CC-252","check_center","WhiteLabelCheckCenter","","Button","src/components/white-label/WhiteLabelCheckCenter.tsx","100","executable_or_ui","prior_check_center_121","true","UNTESTED","","","","","",""
"CC-253","check_center","WhiteLabelCheckCenter","","Link","src/components/white-label/WhiteLabelCheckCenter.tsx","101","executable_or_ui","prior_check_center_121","true","UNTESTED","","","","","",""
"CC-254","check_center","WhiteLabelCheckCenter","","Button","src/components/white-label/WhiteLabelCheckCenter.tsx","107","executable_or_ui","prior_check_center_121","true","UNTESTED","","","","","",""
"CC-255","check_center","WhiteLabelLogin","","Input","src/components/white-label/WhiteLabelLogin.tsx","189","executable_or_ui","prior_check_center_121","true","PASS","","/opt/cursor/artifacts/pass3_freedom_login_branding.webp","3","anon","/c1c/login and /freedom/login","opened tenant WhiteLabelLogin; password toggle absent"
"CC-256","check_center","WhiteLabelLogin","","Button","src/components/white-label/WhiteLabelLogin.tsx","199","executable_or_ui","prior_check_center_121","true","PASS","","/opt/cursor/artifacts/pass3_freedom_login_branding.webp","3","anon","/c1c/login and /freedom/login","opened tenant WhiteLabelLogin; password toggle absent"
"CC-257","check_center","WhiteLabelLogin","","Button","src/components/white-label/WhiteLabelLogin.tsx","203","executable_or_ui","prior_check_center_121","true","PASS","","/opt/cursor/artifacts/pass3_freedom_login_branding.webp","3","anon","/c1c/login and /freedom/login","opened tenant WhiteLabelLogin; password toggle absent"
"CC-258","check_center","WhiteLabelLogin","","Input","src/components/white-label/WhiteLabelLogin.tsx","220","executable_or_ui","prior_check_center_121","true","PASS","","/opt/cursor/artifacts/pass3_freedom_login_branding.webp","3","anon","/c1c/login and /freedom/login","opened tenant WhiteLabelLogin; password toggle absent"
"CC-259","check_center","WhiteLabelLogin","","Button","src/components/white-label/WhiteLabelLogin.tsx","232","executable_or_ui","prior_check_center_121","true","PASS","","/opt/cursor/artifacts/pass3_freedom_login_branding.webp","3","anon","/c1c/login and /freedom/login","opened tenant WhiteLabelLogin; password toggle absent"
"CC-260","check_center","WhiteLabelLogin","","Button","src/components/white-label/WhiteLabelLogin.tsx","263","executable_or_ui","prior_check_center_121","true","UNTESTED","","","","","",""
"CC-261","check_center","WhiteLabelSettings","Open ChecksOps Guide","DialogTrigger","src/components/white-label/WhiteLabelSettings.tsx","148","executable_or_ui","prior_check_center_121","true","UNTESTED","","","","","",""
"CC-262","check_center","WhiteLabelSettings","Open ChecksOps Guide","Button","src/components/white-label/WhiteLabelSettings.tsx","149","executable_or_ui","prior_check_center_121","true","UNTESTED","","","","","",""
"CC-263","check_center","WhiteLabelSettings","","Button","src/components/white-label/WhiteLabelSettings.tsx","157","executable_or_ui","prior_check_center_121","true","UNTESTED","","","","","",""
"CC-264","check_center","WhiteLabelSettings","","Link","src/components/white-label/WhiteLabelSettings.tsx","158","executable_or_ui","prior_check_center_121","true","UNTESTED","","","","","",""
"CC-265","check_center","WhiteLabelSettings","","Button","src/components/white-label/WhiteLabelSettings.tsx","162","executable_or_ui","prior_check_center_121","true","UNTESTED","","","","","",""
"CC-266","check_center","WhiteLabelSettings","","TabsTrigger","src/components/white-label/WhiteLabelSettings.tsx","173","executable_or_ui","prior_check_center_121","true","PASS","","FUNCTIONAL_E2E_AUDIT_2026-09-11.md Pass 2","2","c1c_admin","/c1c/checks|/c1c/settings","clicked in Pass 2"
"CC-267","check_center","WhiteLabelSettings","","TabsTrigger","src/components/white-label/WhiteLabelSettings.tsx","174","executable_or_ui","prior_check_center_121","true","PASS","","FUNCTIONAL_E2E_AUDIT_2026-09-11.md Pass 2","2","c1c_admin","/c1c/checks|/c1c/settings","clicked in Pass 2"
"CC-268","check_center","WhiteLabelSettings","Profile","TabsTrigger","src/components/white-label/WhiteLabelSettings.tsx","175","executable_or_ui","prior_check_center_121","true","PASS","","FUNCTIONAL_E2E_AUDIT_2026-09-11.md Pass 2","2","c1c_admin","/c1c/checks|/c1c/settings","clicked in Pass 2"
"CC-269","check_center","WhiteLabelSettings","Usage","TabsTrigger","src/components/white-label/WhiteLabelSettings.tsx","176","executable_or_ui","prior_check_center_121","true","PASS","","FUNCTIONAL_E2E_AUDIT_2026-09-11.md Pass 2","2","c1c_admin","/c1c/checks|/c1c/settings","clicked in Pass 2"
"CC-270","check_center","WhiteLabelSettings","AI Key","TabsTrigger","src/components/white-label/WhiteLabelSettings.tsx","177","executable_or_ui","prior_check_center_121","true","PASS","","FUNCTIONAL_E2E_AUDIT_2026-09-11.md Pass 2","2","c1c_admin","/c1c/checks|/c1c/settings","clicked in Pass 2"
"CC-271","check_center","WhiteLabelSettings","Users","TabsTrigger","src/components/white-label/WhiteLabelSettings.tsx","178","executable_or_ui","prior_check_center_121","true","PASS","","FUNCTIONAL_E2E_AUDIT_2026-09-11.md Pass 2","2","c1c_admin","/c1c/checks|/c1c/settings","clicked in Pass 2"
"CC-272","check_center","WhiteLabelSettings","Partners","TabsTrigger","src/components/white-label/WhiteLabelSettings.tsx","179","executable_or_ui","prior_check_center_121","true","PASS","","FUNCTIONAL_E2E_AUDIT_2026-09-11.md Pass 2","2","c1c_admin","/c1c/checks|/c1c/settings","clicked in Pass 2"
"CC-273","check_center","WhiteLabelSettings","Bank Account/Stakeholders","TabsTrigger","src/components/white-label/WhiteLabelSettings.tsx","180","executable_or_ui","prior_check_center_121","true","PASS","","FUNCTIONAL_E2E_AUDIT_2026-09-11.md Pass 2","2","c1c_admin","/c1c/checks|/c1c/settings","clicked in Pass 2"
"CC-274","check_center","WhiteLabelSettings","Branding & Email","TabsTrigger","src/components/white-label/WhiteLabelSettings.tsx","181","executable_or_ui","prior_check_center_121","true","PASS","","FUNCTIONAL_E2E_AUDIT_2026-09-11.md Pass 2","2","c1c_admin","/c1c/checks|/c1c/settings","clicked in Pass 2"
"CC-275","check_center","WhiteLabelSettings","Referrals","TabsTrigger","src/components/white-label/WhiteLabelSettings.tsx","182","executable_or_ui","prior_check_center_121","true","PASS","","FUNCTIONAL_E2E_AUDIT_2026-09-11.md Pass 2","2","c1c_admin","/c1c/checks|/c1c/settings","clicked in Pass 2"
"CC-276","check_center","WhiteLabelSettings","","Input","src/components/white-label/WhiteLabelSettings.tsx","322","executable_or_ui","prior_check_center_121","true","PASS","","/opt/cursor/artifacts/pass3_c1c_profile_temp_name.webp,/opt/cursor/artifacts/pass3_profile_name_restored.webp,/opt/cursor/artifacts/pass3_mobile_390_settings.webp","3","c1c_admin","/c1c/settings","Profile Company Name persist/revert: Condition One Commercial → E2E-AUDIT-TEMP → Save → refresh persist → restore Condition One Commercial → Save → refresh"
"CC-277","check_center","WhiteLabelSettings","","Input","src/components/white-label/WhiteLabelSettings.tsx","326","executable_or_ui","prior_check_center_121","true","UNTESTED","","","","","",""
"CC-278","check_center","WhiteLabelSettings","","Button","src/components/white-label/WhiteLabelSettings.tsx","330","executable_or_ui","prior_check_center_121","true","PASS","","/opt/cursor/artifacts/pass3_c1c_profile_temp_name.webp,/opt/cursor/artifacts/pass3_profile_name_restored.webp,/opt/cursor/artifacts/pass3_mobile_390_settings.webp","3","c1c_admin","/c1c/settings","Profile Company Name persist/revert: Condition One Commercial → E2E-AUDIT-TEMP → Save → refresh persist → restore Condition One Commercial → Save → refresh"
"CC-279","check_center","WhiteLabelSettings","","Input","src/components/white-label/WhiteLabelSettings.tsx","345","executable_or_ui","prior_check_center_121","true","PASS","","","3","c1c_admin","/c1c/settings","observed partner code display"
"CC-280","check_center","WhiteLabelSettings","Bank Accounts","Button","src/components/white-label/WhiteLabelSettings.tsx","432","executable_or_ui","prior_check_center_121","true","UNTESTED","","","","","",""
"CC-281","check_center","WhiteLabelSettings","Primary","Button","src/components/white-label/WhiteLabelSettings.tsx","460","executable_or_ui","prior_check_center_121","true","UNTESTED","","","","","",""
"CC-282","check_center","WhiteLabelSettings","e.g. Chase","Input","src/components/white-label/WhiteLabelSettings.tsx","481","executable_or_ui","prior_check_center_121","true","UNTESTED","","","","","",""
"CC-283","check_center","WhiteLabelSettings","Company LLC","Input","src/components/white-label/WhiteLabelSettings.tsx","485","executable_or_ui","prior_check_center_121","true","UNTESTED","","","","","",""
"CC-284","check_center","WhiteLabelSettings","9 digits","Input","src/components/white-label/WhiteLabelSettings.tsx","491","executable_or_ui","prior_check_center_121","true","UNTESTED","","","","","",""
"CC-285","check_center","WhiteLabelSettings","Full account number","Input","src/components/white-label/WhiteLabelSettings.tsx","495","executable_or_ui","prior_check_center_121","true","UNTESTED","","","","","",""
"CC-286","check_center","WhiteLabelSettings","Account Type","SelectTrigger","src/components/white-label/WhiteLabelSettings.tsx","501","executable_or_ui","prior_check_center_121","true","UNTESTED","","","","","",""
"CC-287","check_center","WhiteLabelSettings","","SelectItem","src/components/white-label/WhiteLabelSettings.tsx","503","executable_or_ui","prior_check_center_121","true","UNTESTED","","","","","",""
"CC-288","check_center","WhiteLabelSettings","","SelectItem","src/components/white-label/WhiteLabelSettings.tsx","504","executable_or_ui","prior_check_center_121","true","UNTESTED","","","","","",""
"CC-289","check_center","WhiteLabelSettings","","Button","src/components/white-label/WhiteLabelSettings.tsx","509","executable_or_ui","prior_check_center_121","true","UNTESTED","","","","","",""
"CC-290","check_center","WhiteLabelSettings","","Button","src/components/white-label/WhiteLabelSettings.tsx","513","executable_or_ui","prior_check_center_121","true","UNTESTED","","","","","",""
"CC-291","check_center","WhiteLabelSettings","","Button","src/components/white-label/WhiteLabelSettings.tsx","601","executable_or_ui","prior_check_center_121","true","UNTESTED","","","","","",""
"CC-292","check_center","WhiteLabelSettings","https://...","Button","src/components/white-label/WhiteLabelSettings.tsx","611","executable_or_ui","prior_check_center_121","true","UNTESTED","","","","","",""
"CC-293","check_center","WhiteLabelSettings","https://...","Input","src/components/white-label/WhiteLabelSettings.tsx","618","executable_or_ui","prior_check_center_121","true","UNTESTED","","","","","",""
"CC-294","check_center","WhiteLabelSettings","","Input","src/components/white-label/WhiteLabelSettings.tsx","631","executable_or_ui","prior_check_center_121","true","UNTESTED","","","","","",""
"CC-295","check_center","WhiteLabelSettings","","Input","src/components/white-label/WhiteLabelSettings.tsx","638","executable_or_ui","prior_check_center_121","true","UNTESTED","","","","","",""
"CC-296","check_center","WhiteLabelSettings","","Button","src/components/white-label/WhiteLabelSettings.tsx","642","executable_or_ui","prior_check_center_121","true","UNTESTED","","","","","",""
"CC-297","check_center","CheckCommandCenter","Class","SelectTrigger","src/pages/CheckCommandCenter.tsx","236","executable_or_ui","prior_check_center_121","true","PASS","","","3","c1c_admin","/c1c/checks","Class filter All/Unclassified"
"CC-298","check_center","CheckCommandCenter","","SelectItem","src/pages/CheckCommandCenter.tsx","240","executable_or_ui","prior_check_center_121","true","UNTESTED","","","","","",""
"CC-299","check_center","CheckCommandCenter","(unlabeled)","SelectItem","src/pages/CheckCommandCenter.tsx","245","executable_or_ui","prior_check_center_121","true","UNTESTED","","","","","",""
"CC-300","check_center","CheckCommandCenter",")}","SelectItem","src/pages/CheckCommandCenter.tsx","251","executable_or_ui","prior_check_center_121","true","UNTESTED","","","","","",""
"CC-301","check_center","CheckCommandCenter","setClassFilter(""all"")}> Clear","Button","src/pages/CheckCommandCenter.tsx","258","executable_or_ui","prior_check_center_121","true","UNTESTED","","","","","",""
"CC-302","check_center","CheckCommandCenter","","DialogTrigger","src/pages/CheckCommandCenter.tsx","1242","executable_or_ui","prior_check_center_121","true","UNTESTED","","","","","",""
"CC-303","check_center","CheckCommandCenter","","Button","src/pages/CheckCommandCenter.tsx","1243","executable_or_ui","prior_check_center_121","true","UNTESTED","","","","","",""
"CC-304","check_center","CheckCommandCenter","Search by name, claim #, check #, payee, carrier, or amount...","Input","src/pages/CheckCommandCenter.tsx","1261","executable_or_ui","prior_check_center_121","true","PASS","","/opt/cursor/artifacts/pass3_c1c_search_e2e.webp","3","c1c_admin","/c1c/checks","search E2E and later search while Bank Deposits open then clear"
"CC-305","check_center","CheckCommandCenter","Clear search","Button","src/pages/CheckCommandCenter.tsx","1268","executable_or_ui","prior_check_center_121","true","PASS","","FUNCTIONAL_E2E_AUDIT_2026-09-11.md Pass 2","2","c1c_admin","/c1c/checks|/c1c/settings","clicked in Pass 2"
"CC-306","check_center","CheckCommandCenter","","TabsTrigger","src/pages/CheckCommandCenter.tsx","1365","executable_or_ui","prior_check_center_121","true","PASS","","FUNCTIONAL_E2E_AUDIT_2026-09-11.md Pass 2","2","c1c_admin","/c1c/checks|/c1c/settings","clicked in Pass 2"
"CC-307","check_center","CheckCommandCenter","","TabsTrigger","src/pages/CheckCommandCenter.tsx","1368","executable_or_ui","prior_check_center_121","true","PASS","","FUNCTIONAL_E2E_AUDIT_2026-09-11.md Pass 2","2","c1c_admin","/c1c/checks|/c1c/settings","clicked in Pass 2"
"CC-308","check_center","CheckCommandCenter","","TabsTrigger","src/pages/CheckCommandCenter.tsx","1369","executable_or_ui","prior_check_center_121","true","PASS","","FUNCTIONAL_E2E_AUDIT_2026-09-11.md Pass 2","2","c1c_admin","/c1c/checks|/c1c/settings","clicked in Pass 2"
"CC-309","check_center","CheckCommandCenter","Pending Approvals","TabsTrigger","src/pages/CheckCommandCenter.tsx","1370","executable_or_ui","prior_check_center_121","true","PASS","","FUNCTIONAL_E2E_AUDIT_2026-09-11.md Pass 2","2","c1c_admin","/c1c/checks|/c1c/settings","clicked in Pass 2"
"CC-310","check_center","CheckCommandCenter",")}","TabsTrigger","src/pages/CheckCommandCenter.tsx","1373","executable_or_ui","prior_check_center_121","true","PASS","","FUNCTIONAL_E2E_AUDIT_2026-09-11.md Pass 2","2","c1c_admin","/c1c/checks|/c1c/settings","clicked in Pass 2"
"CC-311","check_center","CheckCommandCenter","","TabsTrigger","src/pages/CheckCommandCenter.tsx","1374","executable_or_ui","prior_check_center_121","true","PASS","","FUNCTIONAL_E2E_AUDIT_2026-09-11.md Pass 2","2","c1c_admin","/c1c/checks|/c1c/settings","clicked in Pass 2"
"CC-312","check_center","CheckCommandCenter","","TabsTrigger","src/pages/CheckCommandCenter.tsx","1375","executable_or_ui","prior_check_center_121","true","PASS","","FUNCTIONAL_E2E_AUDIT_2026-09-11.md Pass 2","2","c1c_admin","/c1c/checks|/c1c/settings","clicked in Pass 2"
"CC-313","check_center","CheckCommandCenter","Mortgage Cos","TabsTrigger","src/pages/CheckCommandCenter.tsx","1377","executable_or_ui","prior_check_center_121","true","PASS","","FUNCTIONAL_E2E_AUDIT_2026-09-11.md Pass 2","2","c1c_admin","/c1c/checks|/c1c/settings","clicked in Pass 2"
"CC-314","check_center","CheckCommandCenter","Partners","TabsTrigger","src/pages/CheckCommandCenter.tsx","1378","executable_or_ui","prior_check_center_121","true","PASS","","FUNCTIONAL_E2E_AUDIT_2026-09-11.md Pass 2","2","c1c_admin","/c1c/checks|/c1c/settings","clicked in Pass 2"
"CC-315","check_center","CheckCommandCenter","","Button","src/pages/CheckCommandCenter.tsx","1688","executable_or_ui","prior_check_center_121","true","UNTESTED","","","","","",""
"CC-316","check_center","CheckCommandCenter","","Button","src/pages/CheckCommandCenter.tsx","1864","executable_or_ui","prior_check_center_121","true","UNTESTED","","","","","",""
"CC-317","check_center","CheckCommandCenter","","Button","src/pages/CheckCommandCenter.tsx","1924","executable_or_ui","prior_check_center_121","true","UNTESTED","","","","","",""
"CC-318","check_center","CheckCommandCenter","","TabsTrigger","src/pages/CheckCommandCenter.tsx","1944","executable_or_ui","prior_check_center_121","true","PASS","","FUNCTIONAL_E2E_AUDIT_2026-09-11.md Pass 2","2","c1c_admin","/c1c/checks|/c1c/settings","clicked in Pass 2"
"CC-319","check_center","CheckCommandCenter","","TabsTrigger","src/pages/CheckCommandCenter.tsx","1945","executable_or_ui","prior_check_center_121","true","PASS","","FUNCTIONAL_E2E_AUDIT_2026-09-11.md Pass 2","2","c1c_admin","/c1c/checks|/c1c/settings","clicked in Pass 2"
"CC-320","check_center","CheckCommandCenter","Review","TabsTrigger","src/pages/CheckCommandCenter.tsx","1946","executable_or_ui","prior_check_center_121","true","PASS","","FUNCTIONAL_E2E_AUDIT_2026-09-11.md Pass 2","2","c1c_admin","/c1c/checks|/c1c/settings","clicked in Pass 2"
"CC-321","check_center","CheckCommandCenter","","Button","src/pages/CheckCommandCenter.tsx","1989","executable_or_ui","prior_check_center_121","true","UNTESTED","","","","","",""
"CC-322","check_center","CheckCommandCenter","","Button","src/pages/CheckCommandCenter.tsx","2011","executable_or_ui","prior_check_center_121","true","UNTESTED","","","","","",""
"CC-323","check_center","CheckCommandCenter","","Button","src/pages/CheckCommandCenter.tsx","2012","executable_or_ui","prior_check_center_121","true","UNTESTED","","","","","",""
"CC-324","check_center","CheckCommandCenter","runBulkDecision(""endorsements_in_progress"", ""Endorsing"")}>Endorsing","Button","src/pages/CheckCommandCenter.tsx","2013","executable_or_ui","prior_check_center_121","true","UNTESTED","","","","","",""
"CC-325","check_center","CheckCommandCenter","runBulkDecision(""needs_review"", ""Review"")}>Review","Button","src/pages/CheckCommandCenter.tsx","2014","executable_or_ui","prior_check_center_121","true","UNTESTED","","","","","",""
"CC-326","check_center","CheckCommandCenter","runBulkDecision(""loss_draft_required"", ""Loss Draft"")}>Loss Draft","Button","src/pages/CheckCommandCenter.tsx","2015","executable_or_ui","prior_check_center_121","true","UNTESTED","","","","","",""
"CC-327","check_center","CheckCommandCenter","runBulkDecision(""reissue_requested"", ""Reissue"")}>Reissue","Button","src/pages/CheckCommandCenter.tsx","2016","executable_or_ui","prior_check_center_121","true","UNTESTED","","","","","",""
"CC-328","check_center","CheckCommandCenter","Class","SelectTrigger","src/pages/CheckCommandCenter.tsx","2024","executable_or_ui","prior_check_center_121","true","UNTESTED","","","","","",""
"CC-329","check_center","CheckCommandCenter","","SelectItem","src/pages/CheckCommandCenter.tsx","2028","executable_or_ui","prior_check_center_121","true","UNTESTED","","","","","",""
"CC-330","check_center","CheckCommandCenter","(unlabeled)","SelectItem","src/pages/CheckCommandCenter.tsx","2033","executable_or_ui","prior_check_center_121","true","UNTESTED","","","","","",""
"CC-331","check_center","CheckCommandCenter",")}","SelectItem","src/pages/CheckCommandCenter.tsx","2039","executable_or_ui","prior_check_center_121","true","UNTESTED","","","","","",""
"CC-332","check_center","CheckCommandCenter","setClassFilter(""all"")}> Clear","Button","src/pages/CheckCommandCenter.tsx","2046","executable_or_ui","prior_check_center_121","true","UNTESTED","","","","","",""
"CC-333","check_center","CheckCommandCenter","(unlabeled)","Button","src/pages/CheckCommandCenter.tsx","2201","executable_or_ui","prior_check_center_121","true","UNTESTED","","","","","",""
"CC-334","check_center","CheckCommandCenter","(unlabeled)","Button","src/pages/CheckCommandCenter.tsx","2216","executable_or_ui","prior_check_center_121","true","UNTESTED","","","","","",""
"CC-335","check_center","CheckCommandCenter","Delete this check? This cannot be undone.","Button","src/pages/CheckCommandCenter.tsx","2234","executable_or_ui","prior_check_center_121","true","UNTESTED","","","","","",""
"CC-336","check_center","CheckCommandCenter","Loading…","Button","src/pages/CheckCommandCenter.tsx","2350","executable_or_ui","prior_check_center_121","true","UNTESTED","","","","","",""
"CC-337","check_center","CheckCommandCenter","","Button","src/pages/CheckCommandCenter.tsx","2379","executable_or_ui","prior_check_center_121","true","UNTESTED","","","","","",""
"CC-338","check_center","CheckCommandCenter","","Button","src/pages/CheckCommandCenter.tsx","2714","executable_or_ui","prior_check_center_121","true","UNTESTED","","","","","",""
"CC-339","check_center","CheckCommandCenter","","Input","src/pages/CheckCommandCenter.tsx","2727","executable_or_ui","prior_check_center_121","true","UNTESTED","","","","","",""
"CC-340","check_center","CheckCommandCenter","","Input","src/pages/CheckCommandCenter.tsx","2738","executable_or_ui","prior_check_center_121","true","UNTESTED","","","","","",""
"CC-341","check_center","CheckCommandCenter","1st mortgage company name (as listed on check)","Input","src/pages/CheckCommandCenter.tsx","2770","executable_or_ui","prior_check_center_121","true","UNTESTED","","","","","",""
"CC-342","check_center","CheckCommandCenter","2nd mortgage company name","Input","src/pages/CheckCommandCenter.tsx","2778","executable_or_ui","prior_check_center_121","true","UNTESTED","","","","","",""
"CC-343","check_center","CheckCommandCenter","Remove second mortgagee","Button","src/pages/CheckCommandCenter.tsx","2784","executable_or_ui","prior_check_center_121","true","UNTESTED","","","","","",""
"CC-344","check_center","CheckCommandCenter",") : (","Button","src/pages/CheckCommandCenter.tsx","2797","executable_or_ui","prior_check_center_121","true","UNTESTED","","","","","",""
"CC-345","check_center","CheckCommandCenter","","Button","src/pages/CheckCommandCenter.tsx","2814","executable_or_ui","prior_check_center_121","true","UNTESTED","","","","","",""
"CC-346","check_center","CheckCommandCenter","","Button","src/pages/CheckCommandCenter.tsx","2875","executable_or_ui","prior_check_center_121","true","UNTESTED","","","","","",""
"CC-347","check_center","CheckCommandCenter","Override Status (admin)","SelectTrigger","src/pages/CheckCommandCenter.tsx","2885","executable_or_ui","prior_check_center_121","true","PASS","","/opt/cursor/artifacts/pass3_override_destinations.webp","3","c1c_admin","/c1c/checks","Override status dropdown on E2E-1789149838411; Save without reason; Cancel"
"CC-348","check_center","CheckCommandCenter","Reason for override (required)","SelectItem","src/pages/CheckCommandCenter.tsx","2888","executable_or_ui","prior_check_center_121","true","PASS","","/opt/cursor/artifacts/pass3_override_destinations.webp","3","c1c_admin","/c1c/checks","Override status dropdown on E2E-1789149838411; Save without reason; Cancel"
"CC-349","check_center","CheckCommandCenter","","Button","src/pages/CheckCommandCenter.tsx","2899","executable_or_ui","prior_check_center_121","true","PASS","","/opt/cursor/artifacts/pass3_override_destinations.webp","3","c1c_admin","/c1c/checks","Override status dropdown on E2E-1789149838411; Save without reason; Cancel"
"CC-350","check_center","CheckCommandCenter","","Button","src/pages/CheckCommandCenter.tsx","2903","executable_or_ui","prior_check_center_121","true","PASS","","/opt/cursor/artifacts/pass3_override_destinations.webp","3","c1c_admin","/c1c/checks","Override status dropdown on E2E-1789149838411; Save without reason; Cancel"
"CC-351","check_center","CheckCommandCenter","","Button","src/pages/CheckCommandCenter.tsx","2941","executable_or_ui","prior_check_center_121","true","UNTESTED","","","","","",""
"CC-352","check_center","CheckCommandCenter","","Button","src/pages/CheckCommandCenter.tsx","3941","executable_or_ui","prior_check_center_121","true","UNTESTED","","","","","",""
"CC-353","check_center","CheckCommandCenter","","DialogTrigger","src/pages/CheckCommandCenter.tsx","4019","executable_or_ui","prior_check_center_121","true","UNTESTED","","","","","",""
"CC-354","check_center","CheckCommandCenter","","Button","src/pages/CheckCommandCenter.tsx","4020","executable_or_ui","prior_check_center_121","true","UNTESTED","","","","","",""
"CC-355","check_center","CheckCommandCenter","","TabsTrigger","src/pages/CheckCommandCenter.tsx","4063","executable_or_ui","prior_check_center_121","true","PASS","","FUNCTIONAL_E2E_AUDIT_2026-09-11.md Pass 2","2","c1c_admin","/c1c/checks|/c1c/settings","clicked in Pass 2"
"CC-356","check_center","CheckCommandCenter","","TabsTrigger","src/pages/CheckCommandCenter.tsx","4064","executable_or_ui","prior_check_center_121","true","PASS","","FUNCTIONAL_E2E_AUDIT_2026-09-11.md Pass 2","2","c1c_admin","/c1c/checks|/c1c/settings","clicked in Pass 2"
"CC-357","check_center","CheckCommandCenter","0 && (","TabsTrigger","src/pages/CheckCommandCenter.tsx","4074","executable_or_ui","prior_check_center_121","true","PASS","","FUNCTIONAL_E2E_AUDIT_2026-09-11.md Pass 2","2","c1c_admin","/c1c/checks|/c1c/settings","clicked in Pass 2"
"CC-358","check_center","CheckCommandCenter","","TabsTrigger","src/pages/CheckCommandCenter.tsx","4082","executable_or_ui","prior_check_center_121","true","PASS","","FUNCTIONAL_E2E_AUDIT_2026-09-11.md Pass 2","2","c1c_admin","/c1c/checks|/c1c/settings","clicked in Pass 2"
"CC-359","check_center","CheckCommandCenter","Files","TabsTrigger","src/pages/CheckCommandCenter.tsx","4084","executable_or_ui","prior_check_center_121","true","PASS","","FUNCTIONAL_E2E_AUDIT_2026-09-11.md Pass 2","2","c1c_admin","/c1c/checks|/c1c/settings","clicked in Pass 2"
"CC-360","check_center","CheckCommandCenter","","TabsTrigger","src/pages/CheckCommandCenter.tsx","4088","executable_or_ui","prior_check_center_121","true","PASS","","FUNCTIONAL_E2E_AUDIT_2026-09-11.md Pass 2","2","c1c_admin","/c1c/checks|/c1c/settings","clicked in Pass 2"
"CC-361","check_center","CheckCommandCenter","Back — No image uploaded","Button","src/pages/CheckCommandCenter.tsx","4212","executable_or_ui","prior_check_center_121","true","UNTESTED","","","","","",""
"CC-362","check_center","CheckCommandCenter","","Button","src/pages/CheckCommandCenter.tsx","4294","executable_or_ui","prior_check_center_121","true","UNTESTED","","","","","",""
"CC-363","check_center","CheckCommandCenter",") : (","Button","src/pages/CheckCommandCenter.tsx","4308","executable_or_ui","prior_check_center_121","true","UNTESTED","","","","","",""
"CC-364","check_center","CheckCommandCenter","","Button","src/pages/CheckCommandCenter.tsx","4366","executable_or_ui","prior_check_center_121","true","UNTESTED","","","","","",""
"CC-365","check_center","CheckCommandCenter","","Button","src/pages/CheckCommandCenter.tsx","4380","executable_or_ui","prior_check_center_121","true","UNTESTED","","","","","",""
"CC-366","check_center","CheckCommandCenter","","Button","src/pages/CheckCommandCenter.tsx","4401","executable_or_ui","prior_check_center_121","true","UNTESTED","","","","","",""
"CC-367","check_center","CheckCommandCenter","(unlabeled)","Button","src/pages/CheckCommandCenter.tsx","4420","executable_or_ui","prior_check_center_121","true","UNTESTED","","","","","",""
"CC-368","check_center","CheckCommandCenter","(unlabeled)","Button","src/pages/CheckCommandCenter.tsx","4450","executable_or_ui","prior_check_center_121","true","UNTESTED","","","","","",""
"CC-369","check_center","CheckCommandCenter","","Button","src/pages/CheckCommandCenter.tsx","4493","executable_or_ui","prior_check_center_121","true","UNTESTED","","","","","",""
"CC-370","check_center","CheckCommandCenter","","Button","src/pages/CheckCommandCenter.tsx","4508","executable_or_ui","prior_check_center_121","true","UNTESTED","","","","","",""
"CC-371","check_center","CheckCommandCenter","","Button","src/pages/CheckCommandCenter.tsx","4628","executable_or_ui","prior_check_center_121","true","UNTESTED","","","","","",""
"CC-372","check_center","CheckCommandCenter","","Button","src/pages/CheckCommandCenter.tsx","4631","executable_or_ui","prior_check_center_121","true","UNTESTED","","","","","",""
"CC-373","check_center","CheckCommandCenter","","Button","src/pages/CheckCommandCenter.tsx","4900","executable_or_ui","prior_check_center_121","true","UNTESTED","","","","","",""
"CC-374","check_center","CheckCommandCenter","Preview","Button","src/pages/CheckCommandCenter.tsx","4903","executable_or_ui","prior_check_center_121","true","UNTESTED","","","","","",""
"CC-375","check_center","CheckCommandCenter","Download","Button","src/pages/CheckCommandCenter.tsx","4906","executable_or_ui","prior_check_center_121","true","UNTESTED","","","","","",""
"CC-376","check_center","CheckCommandCenter","Save amount","Input","src/pages/CheckCommandCenter.tsx","4972","executable_or_ui","prior_check_center_121","true","UNTESTED","","","","","",""
"CC-377","check_center","CheckCommandCenter","Save amount","Button","src/pages/CheckCommandCenter.tsx","4979","executable_or_ui","prior_check_center_121","true","UNTESTED","","","","","",""
"CC-378","check_center","CheckCommandCenter","Cancel editing","Button","src/pages/CheckCommandCenter.tsx","4982","executable_or_ui","prior_check_center_121","true","UNTESTED","","","","","",""
"CC-379","check_center","CheckCommandCenter","Edit amount","Button","src/pages/CheckCommandCenter.tsx","4998","executable_or_ui","prior_check_center_121","true","UNTESTED","","","","","",""
"CC-380","check_center","CheckCommandCenter","","SelectTrigger","src/pages/CheckCommandCenter.tsx","5087","executable_or_ui","prior_check_center_121","true","UNTESTED","","","","","",""
"CC-381","check_center","CheckCommandCenter","","SelectItem","src/pages/CheckCommandCenter.tsx","5089","executable_or_ui","prior_check_center_121","true","UNTESTED","","","","","",""
"CC-382","check_center","CheckCommandCenter","","SelectItem","src/pages/CheckCommandCenter.tsx","5090","executable_or_ui","prior_check_center_121","true","UNTESTED","","","","","",""
"CC-383","check_center","CheckCommandCenter",") : (","Input","src/pages/CheckCommandCenter.tsx","5101","executable_or_ui","prior_check_center_121","true","UNTESTED","","","","","",""
"CC-384","check_center","CheckCommandCenter","Save field","Button","src/pages/CheckCommandCenter.tsx","5113","executable_or_ui","prior_check_center_121","true","UNTESTED","","","","","",""
"CC-385","check_center","CheckCommandCenter","Cancel editing","Button","src/pages/CheckCommandCenter.tsx","5116","executable_or_ui","prior_check_center_121","true","UNTESTED","","","","","",""
"CC-386","check_center","CheckCommandCenter","Edit ${label}","Button","src/pages/CheckCommandCenter.tsx","5132","executable_or_ui","prior_check_center_121","true","UNTESTED","","","","","",""
"CC-387","check_center","CheckCommandCenter","Select…","SelectTrigger","src/pages/CheckCommandCenter.tsx","5200","executable_or_ui","prior_check_center_121","true","UNTESTED","","","","","",""
"CC-388","check_center","CheckCommandCenter","","SelectItem","src/pages/CheckCommandCenter.tsx","5204","executable_or_ui","prior_check_center_121","true","UNTESTED","","","","","",""
"CC-389","check_center","CheckCommandCenter","Not set","SelectItem","src/pages/CheckCommandCenter.tsx","5206","executable_or_ui","prior_check_center_121","true","UNTESTED","","","","","",""
"CC-390","check_center","CheckCommandCenter","Payee name","Input","src/pages/CheckCommandCenter.tsx","5282","executable_or_ui","prior_check_center_121","true","UNTESTED","","","","","",""
"CC-391","check_center","CheckCommandCenter","Payee name","SelectTrigger","src/pages/CheckCommandCenter.tsx","5284","executable_or_ui","prior_check_center_121","true","UNTESTED","","","","","",""
"CC-392","check_center","CheckCommandCenter","","SelectItem","src/pages/CheckCommandCenter.tsx","5286","executable_or_ui","prior_check_center_121","true","UNTESTED","","","","","",""
"CC-393","check_center","CheckCommandCenter","","SelectItem","src/pages/CheckCommandCenter.tsx","5287","executable_or_ui","prior_check_center_121","true","UNTESTED","","","","","",""
"CC-394","check_center","CheckCommandCenter","Insured","SelectItem","src/pages/CheckCommandCenter.tsx","5288","executable_or_ui","prior_check_center_121","true","UNTESTED","","","","","",""
"CC-395","check_center","CheckCommandCenter","Mortgage Company","SelectItem","src/pages/CheckCommandCenter.tsx","5289","executable_or_ui","prior_check_center_121","true","UNTESTED","","","","","",""
"CC-396","check_center","CheckCommandCenter","Contractor","SelectItem","src/pages/CheckCommandCenter.tsx","5290","executable_or_ui","prior_check_center_121","true","UNTESTED","","","","","",""
"CC-397","check_center","CheckCommandCenter","","Button","src/pages/CheckCommandCenter.tsx","5294","executable_or_ui","prior_check_center_121","true","UNTESTED","","","","","",""
"CC-398","check_center","CheckCommandCenter","Add","Button","src/pages/CheckCommandCenter.tsx","5297","executable_or_ui","prior_check_center_121","true","PASS","","","3","c1c_admin","/c1c/checks","Payee Add then Cancel"
"CC-399","check_center","CheckCommandCenter",") : (","Button","src/pages/CheckCommandCenter.tsx","5301","executable_or_ui","prior_check_center_121","true","UNTESTED","","","","","",""
"CC-400","check_center","CheckCommandCenter","","Input","src/pages/CheckCommandCenter.tsx","5393","executable_or_ui","prior_check_center_121","true","UNTESTED","","","","","",""
"CC-401","check_center","CheckCommandCenter","setEditName(e.target.value)} className=""h-7 text-sm"" autoFocus />","SelectTrigger","src/pages/CheckCommandCenter.tsx","5395","executable_or_ui","prior_check_center_121","true","UNTESTED","","","","","",""
"CC-402","check_center","CheckCommandCenter","","SelectItem","src/pages/CheckCommandCenter.tsx","5397","executable_or_ui","prior_check_center_121","true","UNTESTED","","","","","",""
"CC-403","check_center","CheckCommandCenter","","SelectItem","src/pages/CheckCommandCenter.tsx","5398","executable_or_ui","prior_check_center_121","true","UNTESTED","","","","","",""
"CC-404","check_center","CheckCommandCenter","Insured","SelectItem","src/pages/CheckCommandCenter.tsx","5399","executable_or_ui","prior_check_center_121","true","UNTESTED","","","","","",""
"CC-405","check_center","CheckCommandCenter","Mortgage Company","SelectItem","src/pages/CheckCommandCenter.tsx","5400","executable_or_ui","prior_check_center_121","true","UNTESTED","","","","","",""
"CC-406","check_center","CheckCommandCenter","Contractor","SelectItem","src/pages/CheckCommandCenter.tsx","5401","executable_or_ui","prior_check_center_121","true","UNTESTED","","","","","",""
"CC-407","check_center","CheckCommandCenter","","Button","src/pages/CheckCommandCenter.tsx","5405","executable_or_ui","prior_check_center_121","true","UNTESTED","","","","","",""
"CC-408","check_center","CheckCommandCenter","Save","Button","src/pages/CheckCommandCenter.tsx","5408","executable_or_ui","prior_check_center_121","true","UNTESTED","","","","","",""
"CC-409","check_center","CheckCommandCenter","Edit payee","Button","src/pages/CheckCommandCenter.tsx","5426","executable_or_ui","prior_check_center_121","true","UNTESTED","","","","","",""
"CC-410","check_center","CheckCommandCenter","Remove payee","Button","src/pages/CheckCommandCenter.tsx","5429","executable_or_ui","prior_check_center_121","true","UNTESTED","","","","","",""
"CC-411","check_center","CheckCommandCenter","Email","Input","src/pages/CheckCommandCenter.tsx","5444","executable_or_ui","prior_check_center_121","true","UNTESTED","","","","","",""
"CC-412","check_center","CheckCommandCenter","Email","Button","src/pages/CheckCommandCenter.tsx","5445","executable_or_ui","prior_check_center_121","true","UNTESTED","","","","","",""
"CC-413","check_center","CheckCommandCenter","Email","Input","src/pages/CheckCommandCenter.tsx","5532","executable_or_ui","prior_check_center_121","true","UNTESTED","","","","","",""
"CC-414","check_center","CheckCommandCenter","","Button","src/pages/CheckCommandCenter.tsx","5538","executable_or_ui","prior_check_center_121","true","UNTESTED","","","","","",""
"X-001","public","CheckOpsResetPassword","","Input","src/pages/checkops/CheckOpsResetPassword.tsx","119","executable_or_ui","prior_public_homeowner_88","true","PASS","","FUNCTIONAL_E2E_AUDIT_2026-09-11.md Pass 2","2","anon","/reset-password","fields viewed; not submitted"
"X-002","public","CheckOpsResetPassword","","Input","src/pages/checkops/CheckOpsResetPassword.tsx","130","executable_or_ui","prior_public_homeowner_88","true","PASS","","FUNCTIONAL_E2E_AUDIT_2026-09-11.md Pass 2","2","anon","/reset-password","fields viewed; not submitted"
"X-003","public","CheckOpsResetPassword","","Input","src/pages/checkops/CheckOpsResetPassword.tsx","143","executable_or_ui","prior_public_homeowner_88","true","PASS","","FUNCTIONAL_E2E_AUDIT_2026-09-11.md Pass 2","2","anon","/reset-password","fields viewed; not submitted"
"X-004","public","CheckOpsResetPassword","","Input","src/pages/checkops/CheckOpsResetPassword.tsx","154","executable_or_ui","prior_public_homeowner_88","true","PASS","","FUNCTIONAL_E2E_AUDIT_2026-09-11.md Pass 2","2","anon","/reset-password","fields viewed; not submitted"
"X-005","public","CheckOpsResetPassword","","Button","src/pages/checkops/CheckOpsResetPassword.tsx","163","executable_or_ui","prior_public_homeowner_88","true","PASS","","FUNCTIONAL_E2E_AUDIT_2026-09-11.md Pass 2","2","anon","/reset-password","fields viewed; not submitted"
"X-006","public","CheckOpsForgotPassword","","Button","src/pages/checkops/CheckOpsForgotPassword.tsx","102","executable_or_ui","prior_public_homeowner_88","true","UNTESTED","","","","","",""
"X-007","public","CheckOpsForgotPassword","Password updated","Link","src/pages/checkops/CheckOpsForgotPassword.tsx","103","executable_or_ui","prior_public_homeowner_88","true","UNTESTED","","","","","",""
"X-008","public","CheckOpsForgotPassword","","Input","src/pages/checkops/CheckOpsForgotPassword.tsx","113","executable_or_ui","prior_public_homeowner_88","true","UNTESTED","","","","","",""
"X-009","public","CheckOpsForgotPassword","","Input","src/pages/checkops/CheckOpsForgotPassword.tsx","124","executable_or_ui","prior_public_homeowner_88","true","UNTESTED","","","","","",""
"X-010","public","CheckOpsForgotPassword","","Input","src/pages/checkops/CheckOpsForgotPassword.tsx","135","executable_or_ui","prior_public_homeowner_88","true","UNTESTED","","","","","",""
"X-011","public","CheckOpsForgotPassword","","Button","src/pages/checkops/CheckOpsForgotPassword.tsx","144","executable_or_ui","prior_public_homeowner_88","true","UNTESTED","","","","","",""
"X-012","public","CheckOpsForgotPassword","","Button","src/pages/checkops/CheckOpsForgotPassword.tsx","148","executable_or_ui","prior_public_homeowner_88","true","UNTESTED","","","","","",""
"X-013","public","CheckOpsForgotPassword","","Button","src/pages/checkops/CheckOpsForgotPassword.tsx","162","executable_or_ui","prior_public_homeowner_88","true","UNTESTED","","","","","",""
"X-014","public","CheckOpsForgotPassword","","Button","src/pages/checkops/CheckOpsForgotPassword.tsx","166","executable_or_ui","prior_public_homeowner_88","true","UNTESTED","","","","","",""
"X-015","public","CheckOpsForgotPassword","","Link","src/pages/checkops/CheckOpsForgotPassword.tsx","167","executable_or_ui","prior_public_homeowner_88","true","UNTESTED","","","","","",""
"X-016","public","CheckOpsForgotPassword","","Input","src/pages/checkops/CheckOpsForgotPassword.tsx","174","executable_or_ui","prior_public_homeowner_88","true","UNTESTED","","","","","",""
"X-017","public","CheckOpsForgotPassword","","Button","src/pages/checkops/CheckOpsForgotPassword.tsx","183","executable_or_ui","prior_public_homeowner_88","true","UNTESTED","","","","","",""
"X-018","public","CheckOpsForgotPassword","","Button","src/pages/checkops/CheckOpsForgotPassword.tsx","190","executable_or_ui","prior_public_homeowner_88","true","UNTESTED","","","","","",""
"X-019","public","CheckOpsForgotPassword","","Link","src/pages/checkops/CheckOpsForgotPassword.tsx","191","executable_or_ui","prior_public_homeowner_88","true","UNTESTED","","","","","",""
"X-020","extra_public_or_auth","Unsubscribe","from ChecksOps emails.","Button","src/pages/Unsubscribe.tsx","90","executable_or_ui","newly_discovered","true","UNTESTED","","","","","",""
"X-021","extra_public_or_auth","PublicInvoicePage","","Button","src/pages/PublicInvoicePage.tsx","291","executable_or_ui","newly_discovered","true","FAIL","","FUNCTIONAL_E2E_AUDIT_2026-09-11.md Pass 2","2","anon","/invoice/:token","clicked in Pass 2"
"X-022","extra_public_or_auth","RecipientPaymentSetup","9 digits","Label","src/pages/RecipientPaymentSetup.tsx","211","executable_or_ui","newly_discovered","true","UNTESTED","","","","","",""
"X-023","extra_public_or_auth","RecipientPaymentSetup","9 digits","Label","src/pages/RecipientPaymentSetup.tsx","212","executable_or_ui","newly_discovered","true","UNTESTED","","","","","",""
"X-024","extra_public_or_auth","RecipientPaymentSetup","9 digits","Label","src/pages/RecipientPaymentSetup.tsx","213","executable_or_ui","newly_discovered","true","UNTESTED","","","","","",""
"X-025","extra_public_or_auth","RecipientPaymentSetup","9 digits","Label","src/pages/RecipientPaymentSetup.tsx","214","executable_or_ui","newly_discovered","true","UNTESTED","","","","","",""
"X-026","extra_public_or_auth","RecipientPaymentSetup","9 digits","Label","src/pages/RecipientPaymentSetup.tsx","215","executable_or_ui","newly_discovered","true","UNTESTED","","","","","",""
"X-027","extra_public_or_auth","RecipientPaymentSetup","9 digits","Label","src/pages/RecipientPaymentSetup.tsx","216","executable_or_ui","newly_discovered","true","UNTESTED","","","","","",""
"X-028","extra_public_or_auth","RecipientPaymentSetup","9 digits","Label","src/pages/RecipientPaymentSetup.tsx","217","executable_or_ui","newly_discovered","true","UNTESTED","","","","","",""
"X-029","extra_public_or_auth","RecipientPaymentSetup","9 digits","Button","src/pages/RecipientPaymentSetup.tsx","218","executable_or_ui","newly_discovered","true","FAIL","","FUNCTIONAL_E2E_AUDIT_2026-09-11.md Pass 2","2","anon","/pay-setup/:token","clicked in Pass 2"
"X-030","extra_public_or_auth","RecipientPaymentSetup","","Button","src/pages/RecipientPaymentSetup.tsx","230","executable_or_ui","newly_discovered","true","UNTESTED","","","","","",""
"X-031","extra_public_or_auth","RecipientPaymentSetup","","Button","src/pages/RecipientPaymentSetup.tsx","241","executable_or_ui","newly_discovered","true","UNTESTED","","","","","",""
"X-032","extra_public_or_auth","RecipientPaymentSetup","4 digits","Label","src/pages/RecipientPaymentSetup.tsx","251","executable_or_ui","newly_discovered","true","UNTESTED","","","","","",""
"X-033","extra_public_or_auth","RecipientPaymentSetup","4 digits","Button","src/pages/RecipientPaymentSetup.tsx","252","executable_or_ui","newly_discovered","true","UNTESTED","","","","","",""
"X-034","extra_public_or_auth","RecipientPaymentSetup","4 digits","Button","src/pages/RecipientPaymentSetup.tsx","253","executable_or_ui","newly_discovered","true","UNTESTED","","","","","",""
"X-035","extra_public_or_auth","RecipientPaymentSetup",")}","Button","src/pages/RecipientPaymentSetup.tsx","256","executable_or_ui","newly_discovered","true","UNTESTED","","","","","",""
"X-036","extra_public_or_auth","RecipientPaymentSetup","","Label","src/pages/RecipientPaymentSetup.tsx","262","executable_or_ui","newly_discovered","true","UNTESTED","","","","","",""
"X-037","extra_public_or_auth","RecipientPaymentSetup","Account holder name","Label","src/pages/RecipientPaymentSetup.tsx","264","executable_or_ui","newly_discovered","true","UNTESTED","","","","","",""
"X-038","extra_public_or_auth","RecipientPaymentSetup","","Label","src/pages/RecipientPaymentSetup.tsx","265","executable_or_ui","newly_discovered","true","UNTESTED","","","","","",""
"X-039","extra_public_or_auth","RecipientPaymentSetup","Account type","Label","src/pages/RecipientPaymentSetup.tsx","267","executable_or_ui","newly_discovered","true","UNTESTED","","","","","",""
"X-040","extra_public_or_auth","RecipientPaymentSetup","","Label","src/pages/RecipientPaymentSetup.tsx","268","executable_or_ui","newly_discovered","true","UNTESTED","","","","","",""
"X-041","extra_public_or_auth","RecipientPaymentSetup","Routing number","Button","src/pages/RecipientPaymentSetup.tsx","269","executable_or_ui","newly_discovered","true","UNTESTED","","","","","",""
"X-042","extra_public_or_auth","VerifyAccountStart","","Button","src/pages/VerifyAccountStart.tsx","41","executable_or_ui","newly_discovered","true","UNTESTED","","","","","",""
"X-043","extra_public_or_auth","VerifyAccountStart","","Link","src/pages/VerifyAccountStart.tsx","42","executable_or_ui","newly_discovered","true","UNTESTED","","","","","",""
"X-044","extra_public_or_auth","Auth","","Button","src/pages/Auth.tsx","274","executable_or_ui","newly_discovered","true","UNTESTED","","","","","",""
"X-045","extra_public_or_auth","Auth","","Input","src/pages/Auth.tsx","301","executable_or_ui","newly_discovered","true","UNTESTED","","","","","",""
"X-046","extra_public_or_auth","Auth","","Input","src/pages/Auth.tsx","312","executable_or_ui","newly_discovered","true","UNTESTED","","","","","",""
"X-047","extra_public_or_auth","Auth","","Button","src/pages/Auth.tsx","321","executable_or_ui","newly_discovered","true","UNTESTED","","","","","",""
"X-048","extra_public_or_auth","Auth","","TabsTrigger","src/pages/Auth.tsx","341","executable_or_ui","newly_discovered","true","UNTESTED","","","","","",""
"X-049","extra_public_or_auth","Auth","","TabsTrigger","src/pages/Auth.tsx","342","executable_or_ui","newly_discovered","true","UNTESTED","","","","","",""
"X-050","extra_public_or_auth","Auth","you@example.com","Input","src/pages/Auth.tsx","349","executable_or_ui","newly_discovered","true","UNTESTED","","","","","",""
"X-051","extra_public_or_auth","Auth","","Input","src/pages/Auth.tsx","360","executable_or_ui","newly_discovered","true","UNTESTED","","","","","",""
"X-052","extra_public_or_auth","Auth","","Button","src/pages/Auth.tsx","378","executable_or_ui","newly_discovered","true","UNTESTED","","","","","",""
"X-053","extra_public_or_auth","Auth","John Doe","Input","src/pages/Auth.tsx","388","executable_or_ui","newly_discovered","true","UNTESTED","","","","","",""
"X-054","extra_public_or_auth","Auth","you@example.com","Input","src/pages/Auth.tsx","399","executable_or_ui","newly_discovered","true","UNTESTED","","","","","",""
"X-055","extra_public_or_auth","Auth","","Input","src/pages/Auth.tsx","410","executable_or_ui","newly_discovered","true","UNTESTED","","","","","",""
"X-056","extra_public_or_auth","Auth","","Button","src/pages/Auth.tsx","422","executable_or_ui","newly_discovered","true","UNTESTED","","","","","",""
"P3-MGR-001","check_center","CheckCommandCenter","Deposit Ops","TabsTrigger","src/pages/CheckCommandCenter.tsx","1365","executable_or_ui","none","true","PASS","","/opt/cursor/artifacts/pass3_c1c_bank_deposits_manager.webp,/opt/cursor/artifacts/pass3_freedom_staff_no_manager.webp","3","c1c_admin","/c1c/checks","clicked all Manager subtabs including inner retry of Returned"
"P3-MGR-002","check_center","CheckCommandCenter","Pending Approvals","TabsTrigger","src/pages/CheckCommandCenter.tsx","1365","executable_or_ui","none","true","PASS","","/opt/cursor/artifacts/pass3_c1c_bank_deposits_manager.webp,/opt/cursor/artifacts/pass3_freedom_staff_no_manager.webp","3","c1c_admin","/c1c/checks","clicked all Manager subtabs including inner retry of Returned"
"P3-MGR-003","check_center","CheckCommandCenter","Bank Deposits","TabsTrigger","src/pages/CheckCommandCenter.tsx","1365","executable_or_ui","none","true","PASS","","/opt/cursor/artifacts/pass3_c1c_bank_deposits_manager.webp,/opt/cursor/artifacts/pass3_freedom_staff_no_manager.webp","3","c1c_admin","/c1c/checks","clicked all Manager subtabs including inner retry of Returned"
"P3-MGR-004","check_center","CheckCommandCenter","Deposit History","TabsTrigger","src/pages/CheckCommandCenter.tsx","1365","executable_or_ui","none","true","PASS","","/opt/cursor/artifacts/pass3_c1c_bank_deposits_manager.webp,/opt/cursor/artifacts/pass3_freedom_staff_no_manager.webp","3","c1c_admin","/c1c/checks","clicked all Manager subtabs including inner retry of Returned"
"P3-MGR-005","check_center","CheckCommandCenter","Returned","TabsTrigger","src/pages/CheckCommandCenter.tsx","1365","executable_or_ui","none","true","PASS","","/opt/cursor/artifacts/pass3_c1c_bank_deposits_manager.webp,/opt/cursor/artifacts/pass3_freedom_staff_no_manager.webp","3","c1c_admin","/c1c/checks","clicked all Manager subtabs including inner retry of Returned"
"P3-MGR-006","check_center","CheckCommandCenter","Reports","TabsTrigger","src/pages/CheckCommandCenter.tsx","1365","executable_or_ui","none","true","PASS","","/opt/cursor/artifacts/pass3_c1c_bank_deposits_manager.webp,/opt/cursor/artifacts/pass3_freedom_staff_no_manager.webp","3","c1c_admin","/c1c/checks","clicked all Manager subtabs including inner retry of Returned"
"P3-MGR-007","check_center","CheckCommandCenter","Mortgage Cos","TabsTrigger","src/pages/CheckCommandCenter.tsx","1365","executable_or_ui","none","true","PASS","","/opt/cursor/artifacts/pass3_c1c_bank_deposits_manager.webp,/opt/cursor/artifacts/pass3_freedom_staff_no_manager.webp","3","c1c_admin","/c1c/checks","clicked all Manager subtabs including inner retry of Returned"
"P3-MGR-008","check_center","CheckCommandCenter","Partners","TabsTrigger","src/pages/CheckCommandCenter.tsx","1365","executable_or_ui","none","true","PASS","","/opt/cursor/artifacts/pass3_c1c_bank_deposits_manager.webp,/opt/cursor/artifacts/pass3_freedom_staff_no_manager.webp","3","c1c_admin","/c1c/checks","clicked all Manager subtabs including inner retry of Returned"
"P3-MGR-009","check_center","CheckCommandCenter","Homeowner Uploads","TabsTrigger","src/pages/CheckCommandCenter.tsx","1365","executable_or_ui","none","true","PASS","","/opt/cursor/artifacts/pass3_c1c_bank_deposits_manager.webp,/opt/cursor/artifacts/pass3_freedom_staff_no_manager.webp","3","c1c_admin","/c1c/checks","clicked all Manager subtabs including inner retry of Returned"
"P3-MGR-010","check_center","CheckCommandCenter","Reissue","TabsTrigger","src/pages/CheckCommandCenter.tsx","1365","executable_or_ui","none","true","PASS","","/opt/cursor/artifacts/pass3_c1c_bank_deposits_manager.webp,/opt/cursor/artifacts/pass3_freedom_staff_no_manager.webp","3","c1c_admin","/c1c/checks","clicked all Manager subtabs including inner retry of Returned"
"P3-BD-001","check_center","BankDepositReconciliation","Expand deposit day","Button","src/components/deposit-ops/BankDepositReconciliation.tsx","167","executable_or_ui","none","true","BLOCKED","C1C has 0 checkalt_deposits so no day row to expand. Freedom has deposit days but Manager is admin-only; Freedom admin identity_not_linked; staff operator has no Manager card. Owner preview does not impersonate tenant admin.","/opt/cursor/artifacts/pass3_c1c_bank_deposits_manager.webp","3","c1c_admin","/c1c/checks","C1C Bank Deposits open; no day rows"
"P3-BD-002","check_center","BankDepositReconciliation","Export CSV","Button","src/components/deposit-ops/BankDepositReconciliation.tsx","245","executable_or_ui","none","true","BLOCKED","Export CSV only renders after a day is expanded; no C1C days","","3","c1c_admin","/c1c/checks","not available"
"P3-BD-003","check_center","BankDepositReconciliation","Settled into your bank total","Display","src/components/deposit-ops/BankDepositReconciliation.tsx","136","executable_or_ui","none","true","PASS","","/opt/cursor/artifacts/pass3_c1c_bank_deposits_manager.webp","3","c1c_admin","/c1c/checks","Bank Deposits empty-state totals"
"P3-BD-004","check_center","BankDepositReconciliation","In transit / not yet cleared total","Display","src/components/deposit-ops/BankDepositReconciliation.tsx","146","executable_or_ui","none","true","PASS","","/opt/cursor/artifacts/pass3_c1c_bank_deposits_manager.webp","3","c1c_admin","/c1c/checks","Bank Deposits empty-state totals"
"P3-BD-005","check_center","BankDepositReconciliation","No deposits found yet","EmptyState","src/components/deposit-ops/BankDepositReconciliation.tsx","155","executable_or_ui","none","true","PASS","","/opt/cursor/artifacts/pass3_c1c_bank_deposits_manager.webp","3","c1c_admin","/c1c/checks","Bank Deposits empty-state totals"
"P3-BD-006","check_center","BankDepositReconciliation","Independent date picker","Input(date)","src/components/deposit-ops/BankDepositReconciliation.tsx","48","executable_or_ui","none","true","N/A","","","3","c1c_admin","/c1c/checks","looked for date picker"
"P3-MOB-001","check_center","CheckCommandCenter","390px queue tiles","Button","src/pages/CheckCommandCenter.tsx","1324","executable_or_ui","none","true","PASS","","/opt/cursor/artifacts/pass3_mobile_390_check_center.webp","3","c1c_admin","/c1c/checks","390px TAP Review/Endorsing/Manager queue tiles"
"P3-MOB-002","check_center","CheckCommandCenter","390px check detail tabs","TabsTrigger","src/pages/CheckCommandCenter.tsx","4063","executable_or_ui","none","true","PASS","","/opt/cursor/artifacts/pass3_mobile_390_check_detail.webp","3","c1c_admin","/c1c/checks","390px TAP open E2E-1789149838411; Overview/Payee Endorsements/Funds/Files"
"P3-MOB-003","check_center","CheckCommandCenter","390px Manager subtabs","TabsTrigger","src/pages/CheckCommandCenter.tsx","1364","executable_or_ui","none","true","PASS","","/opt/cursor/artifacts/pass3_mobile_390_manager.webp","3","c1c_admin","/c1c/checks","390px TAP Manager subtabs"
"P3-MOB-004","settings","WhiteLabelSettings","390px Settings Profile","TabsTrigger","src/components/white-label/WhiteLabelSettings.tsx","173","executable_or_ui","none","true","PASS","","/opt/cursor/artifacts/pass3_mobile_390_settings.webp","3","c1c_admin","/c1c/settings","390px TAP Settings Profile"
"P3-MOB-005","payments_wallet","Payments","390px Payments tabs","Tab","src/pages/Payments.tsx","89","executable_or_ui","none","true","PASS","","/opt/cursor/artifacts/pass3_mobile_390_payments.webp","3","c1c_admin","/c1c/payments","390px TAP Payments History/Invoices"
"P3-MOB-006","check_center","CheckCommandCenter","390px search/table clip","Input","src/pages/CheckCommandCenter.tsx","0","executable_or_ui","none","true","FAIL","","/opt/cursor/artifacts/pass3_mobile_390_check_center.webp","3","c1c_admin","/c1c/checks","390px Check Center search and table"